-- MySQL dump 10.13  Distrib 8.0.42, for Linux (x86_64)
--
-- Host: localhost    Database: movieknight
-- ------------------------------------------------------
-- Server version	8.0.42

/*!40101 SET @OLD_CHARACTER_SET_CLIENT=@@CHARACTER_SET_CLIENT */;
/*!40101 SET @OLD_CHARACTER_SET_RESULTS=@@CHARACTER_SET_RESULTS */;
/*!40101 SET @OLD_COLLATION_CONNECTION=@@COLLATION_CONNECTION */;
/*!50503 SET NAMES utf8mb4 */;
/*!40103 SET @OLD_TIME_ZONE=@@TIME_ZONE */;
/*!40103 SET TIME_ZONE='+00:00' */;
/*!40014 SET @OLD_UNIQUE_CHECKS=@@UNIQUE_CHECKS, UNIQUE_CHECKS=0 */;
/*!40014 SET @OLD_FOREIGN_KEY_CHECKS=@@FOREIGN_KEY_CHECKS, FOREIGN_KEY_CHECKS=0 */;
/*!40101 SET @OLD_SQL_MODE=@@SQL_MODE, SQL_MODE='NO_AUTO_VALUE_ON_ZERO' */;
/*!40111 SET @OLD_SQL_NOTES=@@SQL_NOTES, SQL_NOTES=0 */;

--
-- Table structure for table `genres`
--

DROP TABLE IF EXISTS `genres`;
/*!40101 SET @saved_cs_client     = @@character_set_client */;
/*!50503 SET character_set_client = utf8mb4 */;
CREATE TABLE `genres` (
  `id` char(36) NOT NULL,
  `genre_name` varchar(255) NOT NULL,
  `genre_level` tinyint NOT NULL,
  PRIMARY KEY (`id`),
  CONSTRAINT `genres_chk_1` CHECK ((`genre_level` between 0 and 4))
) ENGINE=InnoDB DEFAULT CHARSET=utf8mb4 COLLATE=utf8mb4_0900_ai_ci;
/*!40101 SET character_set_client = @saved_cs_client */;

--
-- Dumping data for table `genres`
--

LOCK TABLES `genres` WRITE;
/*!40000 ALTER TABLE `genres` DISABLE KEYS */;
INSERT INTO `genres` VALUES ('06b60879-1327-48f1-82ca-76deee936203','Fantasy',1),('0a2e1786-e3b5-43b3-a116-6f405b270b9d','Satire',2),('0f3713c6-84ec-48d2-a14b-b6a20796f576','Drama',1),('1629939b-055e-452f-8336-e38e8210d7ad','Action',1),('1da308b2-7bdc-4327-ae38-d1b38952097f','Disaster',2),('3a906625-ee25-46a1-916f-1b407532e2ad','Family',2),('3e715bce-a53c-4ae5-aec5-f4d9ecbef458','Slasher',2),('4592ca1b-3787-4796-baf2-9a89ff5cc0ba','Monster',2),('4733699b-d1ed-410f-afa7-eadd3972de35','Teen',2),('4ea7b728-07a5-4488-ac74-92e9fbf8387f','Adventure',1),('6195989e-edcb-4146-a8d2-f13d671c37d0','Coming of Age',2),('6f240a94-3e2e-4835-a163-1e39b1e0f57a','Noir',1),('730d012e-7c9d-449e-9b08-b028cc8f9d3a','Raunchy',2),('75690588-adff-48e1-ae49-1c7d6de8a3be','Biographical',2),('7621b34b-f354-4e86-9ed3-23e1d1c5497b','Western',1),('7db6eb86-15c1-48d4-ad44-0b59f6b8f272','Historical',2),('8882caf7-6992-480f-9749-16317afbceaa','Musical',2),('88c18939-389d-485c-8b25-9150c7a4b321','Thriller',1),('94d1a3af-4a88-4765-8396-ef35429df398','Cars/Racing',3),('a1c2245a-b9dd-4e26-b296-4120f2f1981d','Mystery',2),('adbf8775-cc9c-4ca7-9b9a-ff55e031c47a','Survival',2),('ba07b109-4d2e-46fd-8598-274526b30b4c','Epic',2),('bf23cda5-e34e-4b01-bcb2-8424118d5de9','Sports',2),('c433f828-aed8-4ee9-84c7-7b9da608b93d','Spy',2),('c9de397a-a370-4a25-9d53-a63b3d4dc23b','Kids',2),('cea933f8-adad-433d-b88e-8c04769fc4d4','War',1),('d80badaf-38ac-4ae4-a1ae-223d9d390089','Light-Hearted',3),('d95b256c-3abc-4fcd-a35d-16281ac3cb29','Romance',1),('df3d5d58-9be9-4f8c-ad86-2288ff13b9f1','Comedy',1),('dfc2613c-376e-461e-ba43-22a4197ac2e6','Crime',2),('e039c39e-a152-41bc-a648-cd09b901ff59','Super Hero',2),('e21dd9bb-9659-4cd8-866e-06e5066c072d','Dark Comedy',1),('e2ea5872-a4a3-49de-b21e-ab1401554278','Romantic Comedy',1),('e48c8f03-322a-4b09-9f11-9d21b597282c','Science Fiction',1),('ecd0345b-68c7-4500-a527-07cef9e55108','Animation',2),('f937208d-1f44-44ba-a0f3-53fb577ba590','Horror',1);
/*!40000 ALTER TABLE `genres` ENABLE KEYS */;
UNLOCK TABLES;

--
-- Table structure for table `movie_genres`
--

DROP TABLE IF EXISTS `movie_genres`;
/*!40101 SET @saved_cs_client     = @@character_set_client */;
/*!50503 SET character_set_client = utf8mb4 */;
CREATE TABLE `movie_genres` (
  `movie_id` char(36) NOT NULL,
  `genre_id` char(36) NOT NULL,
  PRIMARY KEY (`movie_id`,`genre_id`),
  KEY `genre_id` (`genre_id`),
  CONSTRAINT `movie_genres_ibfk_1` FOREIGN KEY (`movie_id`) REFERENCES `movies` (`id`) ON DELETE CASCADE,
  CONSTRAINT `movie_genres_ibfk_2` FOREIGN KEY (`genre_id`) REFERENCES `genres` (`id`) ON DELETE CASCADE
) ENGINE=InnoDB DEFAULT CHARSET=utf8mb4 COLLATE=utf8mb4_0900_ai_ci;
/*!40101 SET character_set_client = @saved_cs_client */;

--
-- Dumping data for table `movie_genres`
--

LOCK TABLES `movie_genres` WRITE;
/*!40000 ALTER TABLE `movie_genres` DISABLE KEYS */;
INSERT INTO `movie_genres` VALUES ('07568787-44e2-4d17-b67d-8bd2dcb62e58','06b60879-1327-48f1-82ca-76deee936203'),('1767a661-ca30-4698-b01f-1776f2e45418','06b60879-1327-48f1-82ca-76deee936203'),('1d98698c-f5cc-4003-83b7-3fb8edd607e1','06b60879-1327-48f1-82ca-76deee936203'),('1ffe7552-6240-4ba7-abe5-b0aee15bf5d0','06b60879-1327-48f1-82ca-76deee936203'),('277dc616-74dc-4892-a454-38cbf9a1ab6d','06b60879-1327-48f1-82ca-76deee936203'),('2f4b0435-05eb-4bde-82ef-c23863768fe5','06b60879-1327-48f1-82ca-76deee936203'),('312bbd4b-75ba-42cd-99b4-472031bfb8f5','06b60879-1327-48f1-82ca-76deee936203'),('3440688b-2706-458e-892f-82219e3199a6','06b60879-1327-48f1-82ca-76deee936203'),('3c627cc2-1147-4f32-a08a-8aed92916eba','06b60879-1327-48f1-82ca-76deee936203'),('3f03f179-68eb-4837-b09a-2354329d9a87','06b60879-1327-48f1-82ca-76deee936203'),('4c1abc88-e21b-4489-9199-afc35508f880','06b60879-1327-48f1-82ca-76deee936203'),('5374a8c4-e973-4a66-97f9-8e079489614b','06b60879-1327-48f1-82ca-76deee936203'),('5f732fd7-2939-496c-8155-2bbf3090fd3f','06b60879-1327-48f1-82ca-76deee936203'),('6091b754-211d-4fac-a4a0-8d744ce89eec','06b60879-1327-48f1-82ca-76deee936203'),('68119b6b-27a3-44d2-9907-d47e931f5bb9','06b60879-1327-48f1-82ca-76deee936203'),('6d8427eb-38f8-40c6-acd9-5546ce1e85d5','06b60879-1327-48f1-82ca-76deee936203'),('7003c087-78f9-4d07-86f3-82d53506c520','06b60879-1327-48f1-82ca-76deee936203'),('7e15e6af-d88f-4149-ad90-06dad4584f63','06b60879-1327-48f1-82ca-76deee936203'),('8097a851-3d17-4db1-ae60-a945b9c443f8','06b60879-1327-48f1-82ca-76deee936203'),('82b36986-b948-4baa-8a79-ef53a7a84a6d','06b60879-1327-48f1-82ca-76deee936203'),('971a76bc-1d26-41af-b668-1109500ba4ae','06b60879-1327-48f1-82ca-76deee936203'),('a9998b2c-0db0-4f9c-bd5c-8a2df8495ee8','06b60879-1327-48f1-82ca-76deee936203'),('aefbd486-11cf-42bc-bdad-79b772bbcc1e','06b60879-1327-48f1-82ca-76deee936203'),('afe3b475-70f0-46a0-8bdd-a33a8fe13c79','06b60879-1327-48f1-82ca-76deee936203'),('bb9b3e43-7928-4d0d-ba74-909794289585','06b60879-1327-48f1-82ca-76deee936203'),('bc0fd55a-663d-4cc7-adb3-6859aa4a9740','06b60879-1327-48f1-82ca-76deee936203'),('c098d40b-1129-4d80-a500-8c2ef04d9f87','06b60879-1327-48f1-82ca-76deee936203'),('daf03153-bb96-445b-8cb4-a5e9fee82b67','06b60879-1327-48f1-82ca-76deee936203'),('f2e322c5-571c-4212-80f0-a44f454a5ed3','06b60879-1327-48f1-82ca-76deee936203'),('f51ddffc-ceb2-4c2f-a26c-5b86da098fe7','06b60879-1327-48f1-82ca-76deee936203'),('293c87ed-8e19-4403-97d8-698bb7ecc950','0a2e1786-e3b5-43b3-a116-6f405b270b9d'),('371a4cb9-dc48-46d7-aead-9121c039c933','0a2e1786-e3b5-43b3-a116-6f405b270b9d'),('702d4282-a3e0-46af-8393-3ad3627a135a','0a2e1786-e3b5-43b3-a116-6f405b270b9d'),('d0dd89f7-a63e-485d-a685-8a444275b189','0a2e1786-e3b5-43b3-a116-6f405b270b9d'),('0089b820-f3c4-4fb5-925d-12d5e67139e5','0f3713c6-84ec-48d2-a14b-b6a20796f576'),('02307e4b-1c1c-4ae1-9a9c-bbcd9182e560','0f3713c6-84ec-48d2-a14b-b6a20796f576'),('04248f51-4eac-487e-ae04-84089ff12a2a','0f3713c6-84ec-48d2-a14b-b6a20796f576'),('07db79d5-11eb-43d1-b204-66695fe0ea24','0f3713c6-84ec-48d2-a14b-b6a20796f576'),('0e771223-aed6-4354-a359-d0869c3e68cc','0f3713c6-84ec-48d2-a14b-b6a20796f576'),('0f49e45e-06fe-431b-9aa8-b7adb82b7708','0f3713c6-84ec-48d2-a14b-b6a20796f576'),('12642337-588f-4dfe-8f4f-adfbbb3da9dc','0f3713c6-84ec-48d2-a14b-b6a20796f576'),('148799d5-c8dd-4fbf-bfb2-281374843f7a','0f3713c6-84ec-48d2-a14b-b6a20796f576'),('15c8c5fe-6222-433d-9776-b2318fed70fc','0f3713c6-84ec-48d2-a14b-b6a20796f576'),('1767a661-ca30-4698-b01f-1776f2e45418','0f3713c6-84ec-48d2-a14b-b6a20796f576'),('18180a75-1dce-43fb-8100-e8e158366716','0f3713c6-84ec-48d2-a14b-b6a20796f576'),('1b03b8d0-fee8-4b67-8d72-6a4380c4b815','0f3713c6-84ec-48d2-a14b-b6a20796f576'),('1d725bc6-285c-4dcd-9816-1676d4873cc0','0f3713c6-84ec-48d2-a14b-b6a20796f576'),('1e064d6f-eeb6-4457-9ef8-799658438bfc','0f3713c6-84ec-48d2-a14b-b6a20796f576'),('2360cb3c-bc87-4907-9c00-f8fe078b5978','0f3713c6-84ec-48d2-a14b-b6a20796f576'),('277dc616-74dc-4892-a454-38cbf9a1ab6d','0f3713c6-84ec-48d2-a14b-b6a20796f576'),('2b516088-e2f2-44c5-b1b7-15275214b6f1','0f3713c6-84ec-48d2-a14b-b6a20796f576'),('2c28f067-62b0-44e1-8add-7bc35ded6e80','0f3713c6-84ec-48d2-a14b-b6a20796f576'),('2db9d717-5c77-4cef-b362-efc5db8ecbb0','0f3713c6-84ec-48d2-a14b-b6a20796f576'),('2ee841da-30ac-4e56-bca6-3dc319eeae8e','0f3713c6-84ec-48d2-a14b-b6a20796f576'),('2f199af4-b617-4e07-938f-661ca15067ba','0f3713c6-84ec-48d2-a14b-b6a20796f576'),('318682a8-e9f2-49ca-80ae-66a75155baed','0f3713c6-84ec-48d2-a14b-b6a20796f576'),('347cb62f-b0be-4e40-9e36-150d8344ed79','0f3713c6-84ec-48d2-a14b-b6a20796f576'),('36363b6d-19e2-44fe-972d-2275b0511b79','0f3713c6-84ec-48d2-a14b-b6a20796f576'),('375ea164-efc3-4344-a919-d6b676851019','0f3713c6-84ec-48d2-a14b-b6a20796f576'),('3aabedfb-c19c-4654-ad07-c657209ed7f2','0f3713c6-84ec-48d2-a14b-b6a20796f576'),('3b375ed6-4546-47d3-a648-d56635ec812b','0f3713c6-84ec-48d2-a14b-b6a20796f576'),('3d81e9c8-d147-4430-b728-75b0064817ad','0f3713c6-84ec-48d2-a14b-b6a20796f576'),('3e9f25ca-ea70-4f46-9954-5204d9f0f308','0f3713c6-84ec-48d2-a14b-b6a20796f576'),('3f03f179-68eb-4837-b09a-2354329d9a87','0f3713c6-84ec-48d2-a14b-b6a20796f576'),('401d0bfd-4514-4dea-9b57-3755ea34845d','0f3713c6-84ec-48d2-a14b-b6a20796f576'),('42073fd8-9c5c-43d4-8bd3-1f38fee59e7a','0f3713c6-84ec-48d2-a14b-b6a20796f576'),('4511e7a0-5704-4a84-b939-06fdf2d27a0d','0f3713c6-84ec-48d2-a14b-b6a20796f576'),('46ccbe7f-7b2a-4da5-b1d4-b81194c36033','0f3713c6-84ec-48d2-a14b-b6a20796f576'),('474f9896-dae6-4bde-af01-e4fc5c83079a','0f3713c6-84ec-48d2-a14b-b6a20796f576'),('48e95116-0bb0-4b77-aaea-faff1b822836','0f3713c6-84ec-48d2-a14b-b6a20796f576'),('495ff831-db11-4e20-ab38-489d5909f5c7','0f3713c6-84ec-48d2-a14b-b6a20796f576'),('4bb91a50-47e6-405d-b074-dfe647ba4e2c','0f3713c6-84ec-48d2-a14b-b6a20796f576'),('4f5b7291-a832-49fd-8a91-fdb257aab1ce','0f3713c6-84ec-48d2-a14b-b6a20796f576'),('502e53c3-fca7-4d3d-ab05-65768ed93204','0f3713c6-84ec-48d2-a14b-b6a20796f576'),('525e43c5-cae6-45dc-ae78-03f0dc3574ab','0f3713c6-84ec-48d2-a14b-b6a20796f576'),('543f93b3-3f20-438f-b046-96231171c3c5','0f3713c6-84ec-48d2-a14b-b6a20796f576'),('546aea58-c035-4652-a40d-377cf59f5f92','0f3713c6-84ec-48d2-a14b-b6a20796f576'),('55d900d7-1c60-4e57-9b37-7d31284f9062','0f3713c6-84ec-48d2-a14b-b6a20796f576'),('5652e327-177f-4b15-835d-42fd40b02dcc','0f3713c6-84ec-48d2-a14b-b6a20796f576'),('5d515eb9-7db5-45cf-90ab-39b8f38303eb','0f3713c6-84ec-48d2-a14b-b6a20796f576'),('649c32ad-9e5a-4096-bd5b-d51d0a97f9c4','0f3713c6-84ec-48d2-a14b-b6a20796f576'),('65974039-aab3-4b66-a3f5-d6dc1e058b27','0f3713c6-84ec-48d2-a14b-b6a20796f576'),('661cbe6a-6a94-4083-b609-36351f2d4536','0f3713c6-84ec-48d2-a14b-b6a20796f576'),('6738c9a6-e3a0-4ee9-ac2a-bee23f85c242','0f3713c6-84ec-48d2-a14b-b6a20796f576'),('67c2e248-f9bc-4e19-9be6-0b4b46a7f16c','0f3713c6-84ec-48d2-a14b-b6a20796f576'),('697fcae1-5750-474f-87c7-2461a2555e97','0f3713c6-84ec-48d2-a14b-b6a20796f576'),('69fea2c4-70ef-43f4-889b-90e38c17c7f0','0f3713c6-84ec-48d2-a14b-b6a20796f576'),('6cf868f4-8f40-4821-9968-1fa3b0d05477','0f3713c6-84ec-48d2-a14b-b6a20796f576'),('76c45c83-d23f-43fc-aa9c-87c29d1960d8','0f3713c6-84ec-48d2-a14b-b6a20796f576'),('785b2746-cd84-47d1-a01b-06851534b161','0f3713c6-84ec-48d2-a14b-b6a20796f576'),('79f38c71-bbc0-4302-b1a8-ddf7b0dc5501','0f3713c6-84ec-48d2-a14b-b6a20796f576'),('7e4bb113-d759-412d-b79f-4f5330b42f34','0f3713c6-84ec-48d2-a14b-b6a20796f576'),('83139261-d526-4116-9092-7b492ce4bd8f','0f3713c6-84ec-48d2-a14b-b6a20796f576'),('847aea6e-4f52-4d83-b01c-6e997cf9e3c1','0f3713c6-84ec-48d2-a14b-b6a20796f576'),('861ad07a-65cd-42dc-a356-4e5297d1c22b','0f3713c6-84ec-48d2-a14b-b6a20796f576'),('87550d55-bf3a-4f82-ac60-405bff7cd681','0f3713c6-84ec-48d2-a14b-b6a20796f576'),('8b4bfe59-2d16-46cb-b99c-759df2d06b50','0f3713c6-84ec-48d2-a14b-b6a20796f576'),('8be6e367-7da4-42d4-8bb4-b0715b559fb7','0f3713c6-84ec-48d2-a14b-b6a20796f576'),('8bebc5ad-7ef6-45df-8d08-f34e21be6a85','0f3713c6-84ec-48d2-a14b-b6a20796f576'),('8e25c7c6-2291-4a78-8ef0-d50566deca35','0f3713c6-84ec-48d2-a14b-b6a20796f576'),('8e41c573-7b7c-480b-bcf6-fa511ad2b92b','0f3713c6-84ec-48d2-a14b-b6a20796f576'),('8e73fc61-b886-472e-ac2f-59180634b905','0f3713c6-84ec-48d2-a14b-b6a20796f576'),('9094a99c-2b90-4203-9cc6-d115dd099449','0f3713c6-84ec-48d2-a14b-b6a20796f576'),('91ea73cf-b7b7-4a47-9ff7-f3d8f0a01c7f','0f3713c6-84ec-48d2-a14b-b6a20796f576'),('9269d97f-01e9-4706-8b93-d027e5c206b6','0f3713c6-84ec-48d2-a14b-b6a20796f576'),('92a21c22-9169-4089-9928-66f7f59c0c7b','0f3713c6-84ec-48d2-a14b-b6a20796f576'),('94a703f7-61dc-49a2-be70-66a1dc8adbd9','0f3713c6-84ec-48d2-a14b-b6a20796f576'),('965b2a37-708e-4b6f-aa36-81351b3315c7','0f3713c6-84ec-48d2-a14b-b6a20796f576'),('97603750-dec8-4fe8-afb3-e66b0e1a8694','0f3713c6-84ec-48d2-a14b-b6a20796f576'),('9de6df40-432b-4ab8-829f-69359d01a8ce','0f3713c6-84ec-48d2-a14b-b6a20796f576'),('9e7f98b7-655f-4744-8c33-1d35dd5997c1','0f3713c6-84ec-48d2-a14b-b6a20796f576'),('a10327b2-b84e-4349-b57e-79f01d2f21ca','0f3713c6-84ec-48d2-a14b-b6a20796f576'),('a2202c65-28e5-497a-9aaf-132094e0c756','0f3713c6-84ec-48d2-a14b-b6a20796f576'),('a61fbc9c-deea-4ac7-9394-242d864ba0e6','0f3713c6-84ec-48d2-a14b-b6a20796f576'),('a8fcad38-4dd1-4d9b-9aec-8076fdced2a7','0f3713c6-84ec-48d2-a14b-b6a20796f576'),('ac4e01e8-3832-49d1-9007-0f945f25368f','0f3713c6-84ec-48d2-a14b-b6a20796f576'),('af2b74a9-8e1c-4b09-9545-afe210984928','0f3713c6-84ec-48d2-a14b-b6a20796f576'),('b17a8c96-e03c-4378-9ba3-d7fdeba7ad64','0f3713c6-84ec-48d2-a14b-b6a20796f576'),('b55559f1-f232-4b61-a553-50907c6bc9dc','0f3713c6-84ec-48d2-a14b-b6a20796f576'),('b570e0f3-f58a-462d-a5f8-74289dd62e46','0f3713c6-84ec-48d2-a14b-b6a20796f576'),('b96ce512-c25f-4520-b225-8c653b50b0ef','0f3713c6-84ec-48d2-a14b-b6a20796f576'),('bac88727-cbe6-4703-bb87-683c1845ff8d','0f3713c6-84ec-48d2-a14b-b6a20796f576'),('be235b5a-5f47-47fc-bc3b-40b34e1878ef','0f3713c6-84ec-48d2-a14b-b6a20796f576'),('c0230a5b-5d80-4ee6-ba1d-c4cf0900f2ae','0f3713c6-84ec-48d2-a14b-b6a20796f576'),('c098d40b-1129-4d80-a500-8c2ef04d9f87','0f3713c6-84ec-48d2-a14b-b6a20796f576'),('c1c99113-c8cf-48ca-91ac-8f7631da6758','0f3713c6-84ec-48d2-a14b-b6a20796f576'),('c368f9fe-5a24-4e7a-aec1-3961bae963be','0f3713c6-84ec-48d2-a14b-b6a20796f576'),('c48c6b0f-a293-4837-b40e-e42d781e0474','0f3713c6-84ec-48d2-a14b-b6a20796f576'),('c4e20c98-8976-407f-94df-8f5b5601f233','0f3713c6-84ec-48d2-a14b-b6a20796f576'),('c6499208-db94-4906-8b39-f746c6a770ef','0f3713c6-84ec-48d2-a14b-b6a20796f576'),('ca6c863f-98b8-453d-876a-3f21b24993ad','0f3713c6-84ec-48d2-a14b-b6a20796f576'),('cc436db8-4991-4dcb-9446-d2db97ede9d9','0f3713c6-84ec-48d2-a14b-b6a20796f576'),('cd12402d-b191-422d-8b3e-de95b345d5ca','0f3713c6-84ec-48d2-a14b-b6a20796f576'),('cfefb9c7-ba9d-4177-87e6-200d05720f19','0f3713c6-84ec-48d2-a14b-b6a20796f576'),('d299e31a-2e07-4538-8c79-3af18a2683a7','0f3713c6-84ec-48d2-a14b-b6a20796f576'),('d34ec59c-0167-4db1-9d16-e5456403935e','0f3713c6-84ec-48d2-a14b-b6a20796f576'),('d3d96030-8b61-4277-b1b3-b857b0871d66','0f3713c6-84ec-48d2-a14b-b6a20796f576'),('d52c3b68-2e71-4add-a074-a30008f3e17e','0f3713c6-84ec-48d2-a14b-b6a20796f576'),('d9bacc13-6569-4844-b55f-b6abdde77435','0f3713c6-84ec-48d2-a14b-b6a20796f576'),('dd1c4484-3093-47c0-8a7e-0921f09fb308','0f3713c6-84ec-48d2-a14b-b6a20796f576'),('df12269a-f8ba-4401-a716-ffc978730f6d','0f3713c6-84ec-48d2-a14b-b6a20796f576'),('dfd99c52-f04a-4891-8309-7d90c1392551','0f3713c6-84ec-48d2-a14b-b6a20796f576'),('e2cd447b-6a13-48b4-8bd9-b89f83b030ab','0f3713c6-84ec-48d2-a14b-b6a20796f576'),('e345193b-4215-4356-bb3c-e5758abbbef4','0f3713c6-84ec-48d2-a14b-b6a20796f576'),('e3ae9bd8-3bcb-4642-80d3-6079f6c6ab7a','0f3713c6-84ec-48d2-a14b-b6a20796f576'),('e6755bfb-ab84-4ee3-a19a-f83295c45544','0f3713c6-84ec-48d2-a14b-b6a20796f576'),('e90c13f3-d6fd-4e09-b68e-cf85ec461b98','0f3713c6-84ec-48d2-a14b-b6a20796f576'),('ea5efa81-5f37-4586-b19b-b10c448a4432','0f3713c6-84ec-48d2-a14b-b6a20796f576'),('eb38ada0-5b4a-4985-882f-ccc0a0b9b522','0f3713c6-84ec-48d2-a14b-b6a20796f576'),('eb6b34aa-2f75-4eb9-90b2-6667a7c135db','0f3713c6-84ec-48d2-a14b-b6a20796f576'),('eebd03bc-afa2-4a40-8c92-19cf72717e99','0f3713c6-84ec-48d2-a14b-b6a20796f576'),('f0826471-aa55-48a7-9969-c79425bb7806','0f3713c6-84ec-48d2-a14b-b6a20796f576'),('f51ddffc-ceb2-4c2f-a26c-5b86da098fe7','0f3713c6-84ec-48d2-a14b-b6a20796f576'),('f5a005b1-c93f-41f7-b9d0-96d5e174d747','0f3713c6-84ec-48d2-a14b-b6a20796f576'),('f5c3e25a-9f70-4181-9033-58aa579d89e2','0f3713c6-84ec-48d2-a14b-b6a20796f576'),('f5fa80a4-f5e8-4ccd-95d4-365ddfdad966','0f3713c6-84ec-48d2-a14b-b6a20796f576'),('f7b1cea7-1bf0-42e6-9aab-ef9de801e6b3','0f3713c6-84ec-48d2-a14b-b6a20796f576'),('f7c4450b-6507-43f5-9135-2a6cdce079d9','0f3713c6-84ec-48d2-a14b-b6a20796f576'),('fb21aacc-0b05-4d12-a223-ed04b154a9f6','0f3713c6-84ec-48d2-a14b-b6a20796f576'),('fc75bbed-f5a8-4a99-972a-b2d471f3b965','0f3713c6-84ec-48d2-a14b-b6a20796f576'),('fd52915d-917e-42fd-a344-3374136fb899','0f3713c6-84ec-48d2-a14b-b6a20796f576'),('ff876232-6bea-4061-9f3f-c6f09fb589c2','0f3713c6-84ec-48d2-a14b-b6a20796f576'),('ffde9470-ef82-41fa-acb0-20e1a116bdce','0f3713c6-84ec-48d2-a14b-b6a20796f576'),('0089b820-f3c4-4fb5-925d-12d5e67139e5','1629939b-055e-452f-8336-e38e8210d7ad'),('03b1f8b6-c0d6-4f17-ad0b-7f1937bf8cd1','1629939b-055e-452f-8336-e38e8210d7ad'),('0ef0d8de-df4f-4181-8511-57c8fe329a65','1629939b-055e-452f-8336-e38e8210d7ad'),('1197b261-3271-4767-be41-4ed2cb8ea422','1629939b-055e-452f-8336-e38e8210d7ad'),('14250bb4-b8bd-4498-b9cb-de118aaadc48','1629939b-055e-452f-8336-e38e8210d7ad'),('14bee2a1-5e24-45ec-a0dd-326b77883ae6','1629939b-055e-452f-8336-e38e8210d7ad'),('18199342-d647-4b09-a17b-312e3681252a','1629939b-055e-452f-8336-e38e8210d7ad'),('24cf6dbf-3252-44e6-9700-4bc4a610f970','1629939b-055e-452f-8336-e38e8210d7ad'),('24d83bbd-70e3-46d3-8d35-4263ccd21cf1','1629939b-055e-452f-8336-e38e8210d7ad'),('277dc616-74dc-4892-a454-38cbf9a1ab6d','1629939b-055e-452f-8336-e38e8210d7ad'),('2c699c70-cd5a-4633-8687-58e62fdda6ab','1629939b-055e-452f-8336-e38e8210d7ad'),('2ce11d98-6dd0-40b6-807f-e37c0c67e647','1629939b-055e-452f-8336-e38e8210d7ad'),('2efb669a-8381-4c0f-bb62-91e0778264da','1629939b-055e-452f-8336-e38e8210d7ad'),('30f253e5-f120-409a-863a-dbc21cfc6fea','1629939b-055e-452f-8336-e38e8210d7ad'),('36fdab18-dbd9-4b2a-a6ce-64fac8df6ded','1629939b-055e-452f-8336-e38e8210d7ad'),('38b8fef2-9799-4523-9a86-24055b38fc86','1629939b-055e-452f-8336-e38e8210d7ad'),('3f450978-e31f-4d90-9b1a-bfe1f1b31cdd','1629939b-055e-452f-8336-e38e8210d7ad'),('425c0280-b56a-4b85-aaa4-48a544408e43','1629939b-055e-452f-8336-e38e8210d7ad'),('455b478e-f6c1-4c83-8002-adb76bd0078c','1629939b-055e-452f-8336-e38e8210d7ad'),('46ccbe7f-7b2a-4da5-b1d4-b81194c36033','1629939b-055e-452f-8336-e38e8210d7ad'),('5188cb93-1bd1-4057-921a-45c801097fb7','1629939b-055e-452f-8336-e38e8210d7ad'),('519ebe91-641c-48cd-907a-4944c9e9033f','1629939b-055e-452f-8336-e38e8210d7ad'),('5d515eb9-7db5-45cf-90ab-39b8f38303eb','1629939b-055e-452f-8336-e38e8210d7ad'),('5f02001b-01ff-408c-aae8-4e3740c62f13','1629939b-055e-452f-8336-e38e8210d7ad'),('5ff7f16d-7845-428b-9b82-3d9cd1d7008c','1629939b-055e-452f-8336-e38e8210d7ad'),('62690bbb-30cd-44b2-a9ff-9364d43b9777','1629939b-055e-452f-8336-e38e8210d7ad'),('65974039-aab3-4b66-a3f5-d6dc1e058b27','1629939b-055e-452f-8336-e38e8210d7ad'),('6b48ae96-af3e-4288-9d9d-b3f7f2c5de49','1629939b-055e-452f-8336-e38e8210d7ad'),('6b5d4cb9-b919-40ec-8fd8-aef0aad2b9a8','1629939b-055e-452f-8336-e38e8210d7ad'),('6e7786ea-81c3-400b-8eca-567f8a97b9d6','1629939b-055e-452f-8336-e38e8210d7ad'),('6f1d0d2f-40cb-40ae-ad76-4eb71f7e052a','1629939b-055e-452f-8336-e38e8210d7ad'),('7003c087-78f9-4d07-86f3-82d53506c520','1629939b-055e-452f-8336-e38e8210d7ad'),('7017aa7f-f89b-4a15-a702-793dd86423b1','1629939b-055e-452f-8336-e38e8210d7ad'),('747abb8e-5c82-4c1f-9cc5-ed898bf26b1d','1629939b-055e-452f-8336-e38e8210d7ad'),('74ab1f27-128d-4a3e-9130-544807834dac','1629939b-055e-452f-8336-e38e8210d7ad'),('79e7a946-5d0f-4f32-b7b8-4f7522f5af90','1629939b-055e-452f-8336-e38e8210d7ad'),('7dd42bf3-f9ed-415b-aca1-f17b16d0766b','1629939b-055e-452f-8336-e38e8210d7ad'),('7e15e6af-d88f-4149-ad90-06dad4584f63','1629939b-055e-452f-8336-e38e8210d7ad'),('8431cc4b-4263-4e31-8173-3b71d46042c8','1629939b-055e-452f-8336-e38e8210d7ad'),('85032c61-8537-4b73-8ea8-788845a1683a','1629939b-055e-452f-8336-e38e8210d7ad'),('8d141c06-cea1-459a-83ef-e55d8b634aa8','1629939b-055e-452f-8336-e38e8210d7ad'),('8e73fc61-b886-472e-ac2f-59180634b905','1629939b-055e-452f-8336-e38e8210d7ad'),('8efd93fb-b131-469d-b8f6-b67155ad417f','1629939b-055e-452f-8336-e38e8210d7ad'),('9020f743-a538-4a74-a57d-1c3a7fd32d72','1629939b-055e-452f-8336-e38e8210d7ad'),('965b2a37-708e-4b6f-aa36-81351b3315c7','1629939b-055e-452f-8336-e38e8210d7ad'),('9669d7a2-d4de-416a-8469-4902cb12dd1b','1629939b-055e-452f-8336-e38e8210d7ad'),('967e169c-f0c1-4277-8eb5-52f10527a6d5','1629939b-055e-452f-8336-e38e8210d7ad'),('9f5d849d-3127-4d9d-8522-7e5995afa0d5','1629939b-055e-452f-8336-e38e8210d7ad'),('9fa39f84-13c4-41aa-8c0c-adea6300b129','1629939b-055e-452f-8336-e38e8210d7ad'),('a7999bfc-aac8-450c-87ba-07137e2ff9e0','1629939b-055e-452f-8336-e38e8210d7ad'),('acfa1cd3-dea3-4017-a8cb-80529b9d1c77','1629939b-055e-452f-8336-e38e8210d7ad'),('ae2afe2b-3753-4842-ac68-3aa4dbb285c5','1629939b-055e-452f-8336-e38e8210d7ad'),('af7c222c-38ff-4586-8af6-bcec3c24d741','1629939b-055e-452f-8336-e38e8210d7ad'),('afe3b475-70f0-46a0-8bdd-a33a8fe13c79','1629939b-055e-452f-8336-e38e8210d7ad'),('b1b65f24-6680-4acc-b74a-4df840e7f67b','1629939b-055e-452f-8336-e38e8210d7ad'),('b3f0797f-9e9b-4312-b36f-81f3ab1c7c2c','1629939b-055e-452f-8336-e38e8210d7ad'),('b50e9e17-5b28-4d6c-b958-56c044bd727c','1629939b-055e-452f-8336-e38e8210d7ad'),('b55447e5-0aa1-4012-9054-4e78ef3c4042','1629939b-055e-452f-8336-e38e8210d7ad'),('b75332d7-eb12-447f-941a-279c85c03bab','1629939b-055e-452f-8336-e38e8210d7ad'),('b863c142-2e0c-47f7-ae9c-022b0122a554','1629939b-055e-452f-8336-e38e8210d7ad'),('b9ca3f88-321d-4255-8c73-c58a266179f7','1629939b-055e-452f-8336-e38e8210d7ad'),('baed5b15-d4ac-46fc-9e3e-8c87c524d967','1629939b-055e-452f-8336-e38e8210d7ad'),('c2eeb99c-9433-481b-bd5f-0738665325c9','1629939b-055e-452f-8336-e38e8210d7ad'),('c8ad4419-5f2c-4874-9e35-5e2474111d98','1629939b-055e-452f-8336-e38e8210d7ad'),('cd12402d-b191-422d-8b3e-de95b345d5ca','1629939b-055e-452f-8336-e38e8210d7ad'),('cd8de963-f1ca-44a0-8518-ac8ebd4f87cc','1629939b-055e-452f-8336-e38e8210d7ad'),('cd957dfe-9c45-4495-aefb-a7954a9a5f00','1629939b-055e-452f-8336-e38e8210d7ad'),('d01f3167-e7c0-4b66-a570-428d373b9215','1629939b-055e-452f-8336-e38e8210d7ad'),('d283659c-166f-43f4-ae1d-3e5f8eb95d46','1629939b-055e-452f-8336-e38e8210d7ad'),('d58ec12c-bac8-4526-9699-2ed1e574b0ab','1629939b-055e-452f-8336-e38e8210d7ad'),('d624b708-7600-43e2-b8a0-d06af3c3ffd0','1629939b-055e-452f-8336-e38e8210d7ad'),('d6b1f1e3-10c2-4745-97fb-6ef3a090d6e5','1629939b-055e-452f-8336-e38e8210d7ad'),('db442c19-4ea0-427d-85f7-ddf7ee13e44e','1629939b-055e-452f-8336-e38e8210d7ad'),('db96577c-bf17-4b54-be6b-acc8149a4c10','1629939b-055e-452f-8336-e38e8210d7ad'),('dc0b3ea4-48fc-4efb-a67d-ab6dba27a354','1629939b-055e-452f-8336-e38e8210d7ad'),('e2cd447b-6a13-48b4-8bd9-b89f83b030ab','1629939b-055e-452f-8336-e38e8210d7ad'),('e36a9b8e-1681-4990-8a05-1b321d751fbc','1629939b-055e-452f-8336-e38e8210d7ad'),('e412314a-7010-4af9-b692-786d057ffda5','1629939b-055e-452f-8336-e38e8210d7ad'),('ed6c7c48-7474-4f7c-9200-4a2cd59f205b','1629939b-055e-452f-8336-e38e8210d7ad'),('f3900c90-42f0-4a26-9112-67034d82e434','1629939b-055e-452f-8336-e38e8210d7ad'),('f4af26f0-f6f2-420d-9e75-cbd13802dcfc','1629939b-055e-452f-8336-e38e8210d7ad'),('f725ebf2-6621-41ec-8767-e404c38c7ec1','1629939b-055e-452f-8336-e38e8210d7ad'),('f9a5b61a-3854-4f87-ac49-629f072247d6','1629939b-055e-452f-8336-e38e8210d7ad'),('fd52915d-917e-42fd-a344-3374136fb899','1629939b-055e-452f-8336-e38e8210d7ad'),('18180a75-1dce-43fb-8100-e8e158366716','1da308b2-7bdc-4327-ae38-d1b38952097f'),('43eac8b5-a216-4147-beaa-d98a5036acbb','1da308b2-7bdc-4327-ae38-d1b38952097f'),('502e53c3-fca7-4d3d-ab05-65768ed93204','1da308b2-7bdc-4327-ae38-d1b38952097f'),('8097a851-3d17-4db1-ae60-a945b9c443f8','1da308b2-7bdc-4327-ae38-d1b38952097f'),('1b03b8d0-fee8-4b67-8d72-6a4380c4b815','3a906625-ee25-46a1-916f-1b407532e2ad'),('31211788-efd1-4d70-8113-16573650ea3d','3a906625-ee25-46a1-916f-1b407532e2ad'),('3e55aa2e-c301-4af1-900e-f51bf1f727a8','3a906625-ee25-46a1-916f-1b407532e2ad'),('456bd86e-79b9-4678-be4b-65521a8fafbb','3a906625-ee25-46a1-916f-1b407532e2ad'),('46945fc7-d748-4877-8d2c-51cc2163f25d','3a906625-ee25-46a1-916f-1b407532e2ad'),('48e95116-0bb0-4b77-aaea-faff1b822836','3a906625-ee25-46a1-916f-1b407532e2ad'),('6091b754-211d-4fac-a4a0-8d744ce89eec','3a906625-ee25-46a1-916f-1b407532e2ad'),('65bb7c30-3656-4ef8-8580-f50707eeea44','3a906625-ee25-46a1-916f-1b407532e2ad'),('6d10da30-17c2-4e5e-a85e-38c5c97a83fa','3a906625-ee25-46a1-916f-1b407532e2ad'),('6e7786ea-81c3-400b-8eca-567f8a97b9d6','3a906625-ee25-46a1-916f-1b407532e2ad'),('782ed63a-1356-49f2-84fd-e5e482d85b27','3a906625-ee25-46a1-916f-1b407532e2ad'),('7e4bb113-d759-412d-b79f-4f5330b42f34','3a906625-ee25-46a1-916f-1b407532e2ad'),('8097a851-3d17-4db1-ae60-a945b9c443f8','3a906625-ee25-46a1-916f-1b407532e2ad'),('82b36986-b948-4baa-8a79-ef53a7a84a6d','3a906625-ee25-46a1-916f-1b407532e2ad'),('9d559df7-9ab9-4302-8856-ab12f4f4abaa','3a906625-ee25-46a1-916f-1b407532e2ad'),('a1e3075e-f2a2-4209-9ba7-8412c667423e','3a906625-ee25-46a1-916f-1b407532e2ad'),('ae6fe68e-9201-4b99-bb80-3da83158522a','3a906625-ee25-46a1-916f-1b407532e2ad'),('aefbd486-11cf-42bc-bdad-79b772bbcc1e','3a906625-ee25-46a1-916f-1b407532e2ad'),('b570e0f3-f58a-462d-a5f8-74289dd62e46','3a906625-ee25-46a1-916f-1b407532e2ad'),('c3e787eb-8cca-4dd6-8edb-58fad75f2b1e','3a906625-ee25-46a1-916f-1b407532e2ad'),('c8a8df43-8292-4d5e-8881-3cde758b9e5b','3a906625-ee25-46a1-916f-1b407532e2ad'),('dcdc7c37-a8a3-499c-bfbf-fbaf5c4f00ac','3a906625-ee25-46a1-916f-1b407532e2ad'),('ddf35f7b-53aa-4e70-9e6d-035ed2c967fc','3a906625-ee25-46a1-916f-1b407532e2ad'),('e95ec8f5-b189-4ef4-892f-32236016ac69','3a906625-ee25-46a1-916f-1b407532e2ad'),('0e723d2e-704f-4b8e-8947-448b487e2601','3e715bce-a53c-4ae5-aec5-f4d9ecbef458'),('15432154-bc22-4bf4-9c1c-6526f32962b4','4592ca1b-3787-4796-baf2-9a89ff5cc0ba'),('f93a8b71-49e1-4a3a-9a97-bb2c9a915c50','4592ca1b-3787-4796-baf2-9a89ff5cc0ba'),('087b4aa5-beb5-45b7-a885-d0aef0153bbb','4733699b-d1ed-410f-afa7-eadd3972de35'),('11c9574a-0cdc-453f-b16d-6da13a3c8872','4733699b-d1ed-410f-afa7-eadd3972de35'),('24493183-83aa-498e-9489-354c9291eaf3','4733699b-d1ed-410f-afa7-eadd3972de35'),('2ee841da-30ac-4e56-bca6-3dc319eeae8e','4733699b-d1ed-410f-afa7-eadd3972de35'),('4d44e245-e57e-4616-82c8-f83ec1760a40','4733699b-d1ed-410f-afa7-eadd3972de35'),('55d574f7-1d03-4629-87e6-8ef23177fa78','4733699b-d1ed-410f-afa7-eadd3972de35'),('5ec46f16-45c7-4718-a39d-5f07c69b6791','4733699b-d1ed-410f-afa7-eadd3972de35'),('711c20bf-4b00-4016-909e-1ae01f0c207b','4733699b-d1ed-410f-afa7-eadd3972de35'),('720c76e0-835f-4753-94de-e219074ffd12','4733699b-d1ed-410f-afa7-eadd3972de35'),('83139261-d526-4116-9092-7b492ce4bd8f','4733699b-d1ed-410f-afa7-eadd3972de35'),('8aeb95b1-8661-4739-a35d-10ec65767104','4733699b-d1ed-410f-afa7-eadd3972de35'),('a9abebfb-898f-47c0-8db1-92d29ea82bfc','4733699b-d1ed-410f-afa7-eadd3972de35'),('b077d3e6-9648-4f1d-80d0-ef122d5c8ab5','4733699b-d1ed-410f-afa7-eadd3972de35'),('cc436db8-4991-4dcb-9446-d2db97ede9d9','4733699b-d1ed-410f-afa7-eadd3972de35'),('d8268fdc-54e2-4e76-9d55-0b71a6820452','4733699b-d1ed-410f-afa7-eadd3972de35'),('dd688745-bb0c-4286-b3ff-3db07d53c6de','4733699b-d1ed-410f-afa7-eadd3972de35'),('f0953661-4294-44ea-a504-7c970814c176','4733699b-d1ed-410f-afa7-eadd3972de35'),('07568787-44e2-4d17-b67d-8bd2dcb62e58','4ea7b728-07a5-4488-ac74-92e9fbf8387f'),('0ef0d8de-df4f-4181-8511-57c8fe329a65','4ea7b728-07a5-4488-ac74-92e9fbf8387f'),('0f49e45e-06fe-431b-9aa8-b7adb82b7708','4ea7b728-07a5-4488-ac74-92e9fbf8387f'),('13b300ee-1c46-494f-a0e0-7e0e02691340','4ea7b728-07a5-4488-ac74-92e9fbf8387f'),('15432154-bc22-4bf4-9c1c-6526f32962b4','4ea7b728-07a5-4488-ac74-92e9fbf8387f'),('18199342-d647-4b09-a17b-312e3681252a','4ea7b728-07a5-4488-ac74-92e9fbf8387f'),('19706164-7b2d-4ce8-b204-c7b202f341ac','4ea7b728-07a5-4488-ac74-92e9fbf8387f'),('1d98698c-f5cc-4003-83b7-3fb8edd607e1','4ea7b728-07a5-4488-ac74-92e9fbf8387f'),('2db9d717-5c77-4cef-b362-efc5db8ecbb0','4ea7b728-07a5-4488-ac74-92e9fbf8387f'),('2f199af4-b617-4e07-938f-661ca15067ba','4ea7b728-07a5-4488-ac74-92e9fbf8387f'),('2f4b0435-05eb-4bde-82ef-c23863768fe5','4ea7b728-07a5-4488-ac74-92e9fbf8387f'),('36fdab18-dbd9-4b2a-a6ce-64fac8df6ded','4ea7b728-07a5-4488-ac74-92e9fbf8387f'),('3e55aa2e-c301-4af1-900e-f51bf1f727a8','4ea7b728-07a5-4488-ac74-92e9fbf8387f'),('4dce2a04-50c8-4064-987a-619493b0d6e0','4ea7b728-07a5-4488-ac74-92e9fbf8387f'),('5a7cc041-557c-413e-87b1-abbcd5da7283','4ea7b728-07a5-4488-ac74-92e9fbf8387f'),('5f732fd7-2939-496c-8155-2bbf3090fd3f','4ea7b728-07a5-4488-ac74-92e9fbf8387f'),('5ff7f16d-7845-428b-9b82-3d9cd1d7008c','4ea7b728-07a5-4488-ac74-92e9fbf8387f'),('65974039-aab3-4b66-a3f5-d6dc1e058b27','4ea7b728-07a5-4488-ac74-92e9fbf8387f'),('6b48ae96-af3e-4288-9d9d-b3f7f2c5de49','4ea7b728-07a5-4488-ac74-92e9fbf8387f'),('6b5d4cb9-b919-40ec-8fd8-aef0aad2b9a8','4ea7b728-07a5-4488-ac74-92e9fbf8387f'),('6f1d0d2f-40cb-40ae-ad76-4eb71f7e052a','4ea7b728-07a5-4488-ac74-92e9fbf8387f'),('740d5bb3-4f3b-46b9-b099-b811ce0c750c','4ea7b728-07a5-4488-ac74-92e9fbf8387f'),('745fe48c-d314-4d9f-93b5-589822f1d3f9','4ea7b728-07a5-4488-ac74-92e9fbf8387f'),('74ab1f27-128d-4a3e-9130-544807834dac','4ea7b728-07a5-4488-ac74-92e9fbf8387f'),('79e7a946-5d0f-4f32-b7b8-4f7522f5af90','4ea7b728-07a5-4488-ac74-92e9fbf8387f'),('8431cc4b-4263-4e31-8173-3b71d46042c8','4ea7b728-07a5-4488-ac74-92e9fbf8387f'),('8d7df223-607e-4fc6-ba23-b39f21d9ab3d','4ea7b728-07a5-4488-ac74-92e9fbf8387f'),('90c7f296-fd26-4906-8109-a916573c3858','4ea7b728-07a5-4488-ac74-92e9fbf8387f'),('9d111bc8-b47a-4e1b-8a79-d533ff3c4a06','4ea7b728-07a5-4488-ac74-92e9fbf8387f'),('9f5d849d-3127-4d9d-8522-7e5995afa0d5','4ea7b728-07a5-4488-ac74-92e9fbf8387f'),('9fa39f84-13c4-41aa-8c0c-adea6300b129','4ea7b728-07a5-4488-ac74-92e9fbf8387f'),('a1e3075e-f2a2-4209-9ba7-8412c667423e','4ea7b728-07a5-4488-ac74-92e9fbf8387f'),('a2202c65-28e5-497a-9aaf-132094e0c756','4ea7b728-07a5-4488-ac74-92e9fbf8387f'),('ae2afe2b-3753-4842-ac68-3aa4dbb285c5','4ea7b728-07a5-4488-ac74-92e9fbf8387f'),('b50e9e17-5b28-4d6c-b958-56c044bd727c','4ea7b728-07a5-4488-ac74-92e9fbf8387f'),('b612f5a9-b580-4e66-aa03-3cf6540ebc9f','4ea7b728-07a5-4488-ac74-92e9fbf8387f'),('b75332d7-eb12-447f-941a-279c85c03bab','4ea7b728-07a5-4488-ac74-92e9fbf8387f'),('c7074f4c-fe31-4c72-af35-a1d31e378553','4ea7b728-07a5-4488-ac74-92e9fbf8387f'),('cd957dfe-9c45-4495-aefb-a7954a9a5f00','4ea7b728-07a5-4488-ac74-92e9fbf8387f'),('d01f3167-e7c0-4b66-a570-428d373b9215','4ea7b728-07a5-4488-ac74-92e9fbf8387f'),('daae5da3-aefd-4bc5-b715-b9a9bc122d57','4ea7b728-07a5-4488-ac74-92e9fbf8387f'),('e0e61534-df39-4519-8bac-108531e2767d','4ea7b728-07a5-4488-ac74-92e9fbf8387f'),('e95ec8f5-b189-4ef4-892f-32236016ac69','4ea7b728-07a5-4488-ac74-92e9fbf8387f'),('f2e322c5-571c-4212-80f0-a44f454a5ed3','4ea7b728-07a5-4488-ac74-92e9fbf8387f'),('f51ddffc-ceb2-4c2f-a26c-5b86da098fe7','4ea7b728-07a5-4488-ac74-92e9fbf8387f'),('ff83e2ec-6860-4c37-8ada-1cd717766933','4ea7b728-07a5-4488-ac74-92e9fbf8387f'),('041157ed-66ec-4fbc-9562-70d7d5bbe2c9','6195989e-edcb-4146-a8d2-f13d671c37d0'),('07db79d5-11eb-43d1-b204-66695fe0ea24','6195989e-edcb-4146-a8d2-f13d671c37d0'),('27d12f2b-6866-4bec-a039-84eb7e9a5db9','6195989e-edcb-4146-a8d2-f13d671c37d0'),('3012f006-1b23-43a2-af27-94510c0d1b48','6195989e-edcb-4146-a8d2-f13d671c37d0'),('3b375ed6-4546-47d3-a648-d56635ec812b','6195989e-edcb-4146-a8d2-f13d671c37d0'),('782ed63a-1356-49f2-84fd-e5e482d85b27','6195989e-edcb-4146-a8d2-f13d671c37d0'),('9094a99c-2b90-4203-9cc6-d115dd099449','6195989e-edcb-4146-a8d2-f13d671c37d0'),('a2202c65-28e5-497a-9aaf-132094e0c756','6195989e-edcb-4146-a8d2-f13d671c37d0'),('b5fe74a0-a6a6-4df4-9b11-adcafbeb6daf','6195989e-edcb-4146-a8d2-f13d671c37d0'),('bac88727-cbe6-4703-bb87-683c1845ff8d','6195989e-edcb-4146-a8d2-f13d671c37d0'),('dd1c4484-3093-47c0-8a7e-0921f09fb308','6195989e-edcb-4146-a8d2-f13d671c37d0'),('ed50ba55-c199-4d7d-a983-9b33adbc94af','6195989e-edcb-4146-a8d2-f13d671c37d0'),('fb21aacc-0b05-4d12-a223-ed04b154a9f6','6195989e-edcb-4146-a8d2-f13d671c37d0'),('f9ededf9-8c65-46b1-914d-d01c35e5561d','6f240a94-3e2e-4835-a163-1e39b1e0f57a'),('09ee70b0-8728-4be3-bce6-16655c6d332a','730d012e-7c9d-449e-9b08-b028cc8f9d3a'),('293c87ed-8e19-4403-97d8-698bb7ecc950','730d012e-7c9d-449e-9b08-b028cc8f9d3a'),('343c3fc9-1ee0-46e2-b943-dc498eeb291d','730d012e-7c9d-449e-9b08-b028cc8f9d3a'),('371a4cb9-dc48-46d7-aead-9121c039c933','730d012e-7c9d-449e-9b08-b028cc8f9d3a'),('4fbcae57-f2ae-42bd-a4b7-5b692c72e150','730d012e-7c9d-449e-9b08-b028cc8f9d3a'),('6d135b57-5970-443d-aecf-53f77a1141ea','730d012e-7c9d-449e-9b08-b028cc8f9d3a'),('735acc20-5477-4037-8b06-11825fe0e233','730d012e-7c9d-449e-9b08-b028cc8f9d3a'),('b077d3e6-9648-4f1d-80d0-ef122d5c8ab5','730d012e-7c9d-449e-9b08-b028cc8f9d3a'),('b7756116-5bf4-4bac-9796-d159d6280121','730d012e-7c9d-449e-9b08-b028cc8f9d3a'),('c11b1a85-ec79-488f-a1dc-311fb1f3f369','730d012e-7c9d-449e-9b08-b028cc8f9d3a'),('c50dd3b2-ee2d-4000-9649-a56e619f359b','730d012e-7c9d-449e-9b08-b028cc8f9d3a'),('d325bb6d-1754-4569-a50c-1d2871872eb4','730d012e-7c9d-449e-9b08-b028cc8f9d3a'),('5c14aa07-e739-4826-831c-010bd03558bf','75690588-adff-48e1-ae49-1c7d6de8a3be'),('7cb94354-fb38-40d3-b1d3-acb6cb72e46f','75690588-adff-48e1-ae49-1c7d6de8a3be'),('dbad9be5-5a04-43dc-a5fa-9425cc00b4bf','75690588-adff-48e1-ae49-1c7d6de8a3be'),('e90c13f3-d6fd-4e09-b68e-cf85ec461b98','75690588-adff-48e1-ae49-1c7d6de8a3be'),('018f96cf-c1dc-4f98-b654-aa3f0a6a21b8','7621b34b-f354-4e86-9ed3-23e1d1c5497b'),('24cf6dbf-3252-44e6-9700-4bc4a610f970','7621b34b-f354-4e86-9ed3-23e1d1c5497b'),('2820f1bc-13d6-42d4-b3ec-2cadcbe30081','7621b34b-f354-4e86-9ed3-23e1d1c5497b'),('2b516088-e2f2-44c5-b1b7-15275214b6f1','7621b34b-f354-4e86-9ed3-23e1d1c5497b'),('87550d55-bf3a-4f82-ac60-405bff7cd681','7621b34b-f354-4e86-9ed3-23e1d1c5497b'),('8d546e33-6ebb-4805-bbbe-6f42ea4698e7','7621b34b-f354-4e86-9ed3-23e1d1c5497b'),('8e542a35-1751-488a-b037-52ff8218f382','7621b34b-f354-4e86-9ed3-23e1d1c5497b'),('967e169c-f0c1-4277-8eb5-52f10527a6d5','7621b34b-f354-4e86-9ed3-23e1d1c5497b'),('9d111bc8-b47a-4e1b-8a79-d533ff3c4a06','7621b34b-f354-4e86-9ed3-23e1d1c5497b'),('c0787645-631b-4001-9860-61cf5d7987e4','7621b34b-f354-4e86-9ed3-23e1d1c5497b'),('e769ca85-bb50-4422-8a42-4ea54fba7721','7621b34b-f354-4e86-9ed3-23e1d1c5497b'),('eb6b34aa-2f75-4eb9-90b2-6667a7c135db','7621b34b-f354-4e86-9ed3-23e1d1c5497b'),('efa37b1d-f3ee-4ec5-bb10-2ad5573595e5','7621b34b-f354-4e86-9ed3-23e1d1c5497b'),('fc1bf710-65c1-429e-a7a1-1268654e21af','7621b34b-f354-4e86-9ed3-23e1d1c5497b'),('0f49e45e-06fe-431b-9aa8-b7adb82b7708','7db6eb86-15c1-48d4-ad44-0b59f6b8f272'),('22a3e3af-8785-4ff1-aa29-cca63bffb272','7db6eb86-15c1-48d4-ad44-0b59f6b8f272'),('33b7d2e5-327f-4585-8a05-4845b2eda490','7db6eb86-15c1-48d4-ad44-0b59f6b8f272'),('36363b6d-19e2-44fe-972d-2275b0511b79','7db6eb86-15c1-48d4-ad44-0b59f6b8f272'),('4135c07b-993b-4a4c-b1ed-567ed35f11d2','7db6eb86-15c1-48d4-ad44-0b59f6b8f272'),('491c8157-a62f-4d10-a237-9d4f808b006e','7db6eb86-15c1-48d4-ad44-0b59f6b8f272'),('4f5b7291-a832-49fd-8a91-fdb257aab1ce','7db6eb86-15c1-48d4-ad44-0b59f6b8f272'),('519ebe91-641c-48cd-907a-4944c9e9033f','7db6eb86-15c1-48d4-ad44-0b59f6b8f272'),('59f734cd-7d33-4038-81e7-73f90a6c67b0','7db6eb86-15c1-48d4-ad44-0b59f6b8f272'),('5a7cc041-557c-413e-87b1-abbcd5da7283','7db6eb86-15c1-48d4-ad44-0b59f6b8f272'),('5b62f324-094d-4145-8a04-6d52c088e46b','7db6eb86-15c1-48d4-ad44-0b59f6b8f272'),('5c14aa07-e739-4826-831c-010bd03558bf','7db6eb86-15c1-48d4-ad44-0b59f6b8f272'),('5d515eb9-7db5-45cf-90ab-39b8f38303eb','7db6eb86-15c1-48d4-ad44-0b59f6b8f272'),('6215cf36-159e-4220-8cd8-66c2eb26deec','7db6eb86-15c1-48d4-ad44-0b59f6b8f272'),('7017aa7f-f89b-4a15-a702-793dd86423b1','7db6eb86-15c1-48d4-ad44-0b59f6b8f272'),('7479de76-3a8d-4edd-a036-9feece11c991','7db6eb86-15c1-48d4-ad44-0b59f6b8f272'),('8e73fc61-b886-472e-ac2f-59180634b905','7db6eb86-15c1-48d4-ad44-0b59f6b8f272'),('a6f4535c-5e6e-49b0-8b8b-d315572b516d','7db6eb86-15c1-48d4-ad44-0b59f6b8f272'),('a9b2fa12-924d-4335-9ccb-2c395e95d274','7db6eb86-15c1-48d4-ad44-0b59f6b8f272'),('a9c43030-bc7a-4bc6-a376-3afb31cb27f1','7db6eb86-15c1-48d4-ad44-0b59f6b8f272'),('aa0eddb9-331d-440c-9bd8-72f6e36c352b','7db6eb86-15c1-48d4-ad44-0b59f6b8f272'),('b55447e5-0aa1-4012-9054-4e78ef3c4042','7db6eb86-15c1-48d4-ad44-0b59f6b8f272'),('c48c6b0f-a293-4837-b40e-e42d781e0474','7db6eb86-15c1-48d4-ad44-0b59f6b8f272'),('cd44440c-2171-4b6f-a44b-e13b3e935860','7db6eb86-15c1-48d4-ad44-0b59f6b8f272'),('cd8de963-f1ca-44a0-8518-ac8ebd4f87cc','7db6eb86-15c1-48d4-ad44-0b59f6b8f272'),('cd957dfe-9c45-4495-aefb-a7954a9a5f00','7db6eb86-15c1-48d4-ad44-0b59f6b8f272'),('d01f3167-e7c0-4b66-a570-428d373b9215','7db6eb86-15c1-48d4-ad44-0b59f6b8f272'),('d0ca3000-63d8-403f-ba2b-3b8ff0f13c50','7db6eb86-15c1-48d4-ad44-0b59f6b8f272'),('e160e16f-e64b-4cba-b5c1-f1c73ebbfb04','7db6eb86-15c1-48d4-ad44-0b59f6b8f272'),('f5c3e25a-9f70-4181-9033-58aa579d89e2','7db6eb86-15c1-48d4-ad44-0b59f6b8f272'),('f710b863-3de5-4038-88bb-ff5e8b7ef705','7db6eb86-15c1-48d4-ad44-0b59f6b8f272'),('fc1bf710-65c1-429e-a7a1-1268654e21af','7db6eb86-15c1-48d4-ad44-0b59f6b8f272'),('1b03b8d0-fee8-4b67-8d72-6a4380c4b815','8882caf7-6992-480f-9749-16317afbceaa'),('375ea164-efc3-4344-a919-d6b676851019','8882caf7-6992-480f-9749-16317afbceaa'),('3a85d390-e5da-4e76-8a4d-371f67a47698','8882caf7-6992-480f-9749-16317afbceaa'),('6091b754-211d-4fac-a4a0-8d744ce89eec','8882caf7-6992-480f-9749-16317afbceaa'),('94845df2-550e-44b0-b26b-874584c1c5de','8882caf7-6992-480f-9749-16317afbceaa'),('9cd04008-75c3-4eb4-b28c-383343f246d9','8882caf7-6992-480f-9749-16317afbceaa'),('9fd11a50-ba67-4413-a2fc-7c0eb6c6c939','8882caf7-6992-480f-9749-16317afbceaa'),('ae50a9f0-cbb9-4719-a26d-2a3da1da16ce','8882caf7-6992-480f-9749-16317afbceaa'),('bb9b3e43-7928-4d0d-ba74-909794289585','8882caf7-6992-480f-9749-16317afbceaa'),('df12269a-f8ba-4401-a716-ffc978730f6d','8882caf7-6992-480f-9749-16317afbceaa'),('03b1f8b6-c0d6-4f17-ad0b-7f1937bf8cd1','88c18939-389d-485c-8b25-9150c7a4b321'),('08368c26-2ad1-451c-9a3b-fb4b938b9041','88c18939-389d-485c-8b25-9150c7a4b321'),('12438e8c-5069-4c61-bd90-5945b8841877','88c18939-389d-485c-8b25-9150c7a4b321'),('1d725bc6-285c-4dcd-9816-1676d4873cc0','88c18939-389d-485c-8b25-9150c7a4b321'),('22a3e3af-8785-4ff1-aa29-cca63bffb272','88c18939-389d-485c-8b25-9150c7a4b321'),('2c1d3b24-1de0-4264-95f2-4288bb5ec60b','88c18939-389d-485c-8b25-9150c7a4b321'),('2c699c70-cd5a-4633-8687-58e62fdda6ab','88c18939-389d-485c-8b25-9150c7a4b321'),('2db9d717-5c77-4cef-b362-efc5db8ecbb0','88c18939-389d-485c-8b25-9150c7a4b321'),('312bbd4b-75ba-42cd-99b4-472031bfb8f5','88c18939-389d-485c-8b25-9150c7a4b321'),('31a4c548-1fc7-492b-97f8-388d6cd181c6','88c18939-389d-485c-8b25-9150c7a4b321'),('36fdab18-dbd9-4b2a-a6ce-64fac8df6ded','88c18939-389d-485c-8b25-9150c7a4b321'),('3c86317a-c94d-4c61-8e72-5df52aa00e83','88c18939-389d-485c-8b25-9150c7a4b321'),('3e1a11a4-ff09-41d6-856c-54d783dea11e','88c18939-389d-485c-8b25-9150c7a4b321'),('401d0bfd-4514-4dea-9b57-3755ea34845d','88c18939-389d-485c-8b25-9150c7a4b321'),('425c0280-b56a-4b85-aaa4-48a544408e43','88c18939-389d-485c-8b25-9150c7a4b321'),('43eac8b5-a216-4147-beaa-d98a5036acbb','88c18939-389d-485c-8b25-9150c7a4b321'),('4b03a97e-91ce-45b2-82a2-210048917943','88c18939-389d-485c-8b25-9150c7a4b321'),('4fe973a5-5aef-47ce-86fe-586741fd7c3c','88c18939-389d-485c-8b25-9150c7a4b321'),('515166ef-6e45-4c0b-ae0a-9a0feafc8001','88c18939-389d-485c-8b25-9150c7a4b321'),('527f46ac-c354-4978-a977-5fd1c68788f1','88c18939-389d-485c-8b25-9150c7a4b321'),('5a7cc041-557c-413e-87b1-abbcd5da7283','88c18939-389d-485c-8b25-9150c7a4b321'),('5c816042-ddff-49c7-aae8-59e139623bcc','88c18939-389d-485c-8b25-9150c7a4b321'),('60442c97-07f8-492b-8bf1-2fedbc6834a1','88c18939-389d-485c-8b25-9150c7a4b321'),('63e74957-9467-4665-9be2-faa13442d7e7','88c18939-389d-485c-8b25-9150c7a4b321'),('66a73a0d-08c6-4404-9e1f-aad1fcab1b94','88c18939-389d-485c-8b25-9150c7a4b321'),('6cff8b07-07cd-4614-9257-76c99258f02e','88c18939-389d-485c-8b25-9150c7a4b321'),('70d273b5-2b11-485e-9cff-8491ed3b67e5','88c18939-389d-485c-8b25-9150c7a4b321'),('76c45c83-d23f-43fc-aa9c-87c29d1960d8','88c18939-389d-485c-8b25-9150c7a4b321'),('78a79115-ec26-4827-ad28-1a0631e270ee','88c18939-389d-485c-8b25-9150c7a4b321'),('7dd42bf3-f9ed-415b-aca1-f17b16d0766b','88c18939-389d-485c-8b25-9150c7a4b321'),('8097a851-3d17-4db1-ae60-a945b9c443f8','88c18939-389d-485c-8b25-9150c7a4b321'),('861ad07a-65cd-42dc-a356-4e5297d1c22b','88c18939-389d-485c-8b25-9150c7a4b321'),('87550d55-bf3a-4f82-ac60-405bff7cd681','88c18939-389d-485c-8b25-9150c7a4b321'),('97603750-dec8-4fe8-afb3-e66b0e1a8694','88c18939-389d-485c-8b25-9150c7a4b321'),('a21e6a9f-a555-4819-863c-92f15bdf886d','88c18939-389d-485c-8b25-9150c7a4b321'),('a9b2fa12-924d-4335-9ccb-2c395e95d274','88c18939-389d-485c-8b25-9150c7a4b321'),('af7c222c-38ff-4586-8af6-bcec3c24d741','88c18939-389d-485c-8b25-9150c7a4b321'),('b2a175df-1238-43ef-9b3d-1e447089f2e6','88c18939-389d-485c-8b25-9150c7a4b321'),('b3f0797f-9e9b-4312-b36f-81f3ab1c7c2c','88c18939-389d-485c-8b25-9150c7a4b321'),('b587879d-7709-4a6e-8d62-7b1acf8767cc','88c18939-389d-485c-8b25-9150c7a4b321'),('b863c142-2e0c-47f7-ae9c-022b0122a554','88c18939-389d-485c-8b25-9150c7a4b321'),('ba5daefc-6994-4ec9-9d4a-81a3e909b3d7','88c18939-389d-485c-8b25-9150c7a4b321'),('bca82050-936a-4324-9934-aefdf7d743df','88c18939-389d-485c-8b25-9150c7a4b321'),('c4339c90-696b-436a-949f-beac4e5d425a','88c18939-389d-485c-8b25-9150c7a4b321'),('cedf3213-123e-4926-9a80-320840d2f2f6','88c18939-389d-485c-8b25-9150c7a4b321'),('cf0befb4-9b30-49cc-b7fa-73c144bd4e58','88c18939-389d-485c-8b25-9150c7a4b321'),('cfefb9c7-ba9d-4177-87e6-200d05720f19','88c18939-389d-485c-8b25-9150c7a4b321'),('d283659c-166f-43f4-ae1d-3e5f8eb95d46','88c18939-389d-485c-8b25-9150c7a4b321'),('d299e31a-2e07-4538-8c79-3af18a2683a7','88c18939-389d-485c-8b25-9150c7a4b321'),('d58ec12c-bac8-4526-9699-2ed1e574b0ab','88c18939-389d-485c-8b25-9150c7a4b321'),('d624b708-7600-43e2-b8a0-d06af3c3ffd0','88c18939-389d-485c-8b25-9150c7a4b321'),('d6b1f1e3-10c2-4745-97fb-6ef3a090d6e5','88c18939-389d-485c-8b25-9150c7a4b321'),('db442c19-4ea0-427d-85f7-ddf7ee13e44e','88c18939-389d-485c-8b25-9150c7a4b321'),('dbad9be5-5a04-43dc-a5fa-9425cc00b4bf','88c18939-389d-485c-8b25-9150c7a4b321'),('e412314a-7010-4af9-b692-786d057ffda5','88c18939-389d-485c-8b25-9150c7a4b321'),('e65ff1d8-3590-465c-a0c7-3df774e99bfe','88c18939-389d-485c-8b25-9150c7a4b321'),('e83a72e3-88d8-4221-8eda-6a7fb38f974e','88c18939-389d-485c-8b25-9150c7a4b321'),('e881339e-d2a7-496f-8886-780a9b0e62e1','88c18939-389d-485c-8b25-9150c7a4b321'),('ec6b2f96-53b0-481c-886d-731656e442e9','88c18939-389d-485c-8b25-9150c7a4b321'),('ee8da05c-f98d-4e81-b50a-68e7e023863d','88c18939-389d-485c-8b25-9150c7a4b321'),('efc94773-4453-4a3d-ac0a-bbf7a1cfe334','88c18939-389d-485c-8b25-9150c7a4b321'),('f0c06507-42eb-4e00-bbeb-a29354f83f61','88c18939-389d-485c-8b25-9150c7a4b321'),('f304cc2b-8422-4f30-8ac8-4d460edbaf58','88c18939-389d-485c-8b25-9150c7a4b321'),('f725ebf2-6621-41ec-8767-e404c38c7ec1','88c18939-389d-485c-8b25-9150c7a4b321'),('f93a8b71-49e1-4a3a-9a97-bb2c9a915c50','88c18939-389d-485c-8b25-9150c7a4b321'),('08368c26-2ad1-451c-9a3b-fb4b938b9041','94d1a3af-4a88-4765-8396-ef35429df398'),('0d468086-2a6e-4317-9ef4-6765019b85e2','94d1a3af-4a88-4765-8396-ef35429df398'),('15591be6-5c8f-4448-a031-779209ccd662','94d1a3af-4a88-4765-8396-ef35429df398'),('478cd728-6e97-4609-95ca-43f4163ea672','94d1a3af-4a88-4765-8396-ef35429df398'),('6215cf36-159e-4220-8cd8-66c2eb26deec','94d1a3af-4a88-4765-8396-ef35429df398'),('7d656135-5e56-4553-a554-6b3627bc83bc','94d1a3af-4a88-4765-8396-ef35429df398'),('c8ad4419-5f2c-4874-9e35-5e2474111d98','94d1a3af-4a88-4765-8396-ef35429df398'),('1a4662c5-dbbf-49a8-8240-d9d4f9a43b88','a1c2245a-b9dd-4e26-b296-4120f2f1981d'),('347cb62f-b0be-4e40-9e36-150d8344ed79','a1c2245a-b9dd-4e26-b296-4120f2f1981d'),('36967069-1291-4fdb-a968-2ec156ee3cb2','a1c2245a-b9dd-4e26-b296-4120f2f1981d'),('4901658e-d829-4a52-8364-be432fd15674','a1c2245a-b9dd-4e26-b296-4120f2f1981d'),('4fe973a5-5aef-47ce-86fe-586741fd7c3c','a1c2245a-b9dd-4e26-b296-4120f2f1981d'),('7a9fa8f3-414d-4847-899e-1b623919a04c','a1c2245a-b9dd-4e26-b296-4120f2f1981d'),('847aea6e-4f52-4d83-b01c-6e997cf9e3c1','a1c2245a-b9dd-4e26-b296-4120f2f1981d'),('84efafb2-b2f5-4fa2-be4e-d90e96a6dbcb','a1c2245a-b9dd-4e26-b296-4120f2f1981d'),('8efd93fb-b131-469d-b8f6-b67155ad417f','a1c2245a-b9dd-4e26-b296-4120f2f1981d'),('a3c445c2-cfb5-4ed0-9703-39db97eccdd9','a1c2245a-b9dd-4e26-b296-4120f2f1981d'),('b67bbb3a-d13a-4b4b-8867-8cbc11a5503b','a1c2245a-b9dd-4e26-b296-4120f2f1981d'),('c4339c90-696b-436a-949f-beac4e5d425a','a1c2245a-b9dd-4e26-b296-4120f2f1981d'),('ea5efa81-5f37-4586-b19b-b10c448a4432','a1c2245a-b9dd-4e26-b296-4120f2f1981d'),('eb6b34aa-2f75-4eb9-90b2-6667a7c135db','a1c2245a-b9dd-4e26-b296-4120f2f1981d'),('ee8da05c-f98d-4e81-b50a-68e7e023863d','a1c2245a-b9dd-4e26-b296-4120f2f1981d'),('f0826471-aa55-48a7-9969-c79425bb7806','a1c2245a-b9dd-4e26-b296-4120f2f1981d'),('f725ebf2-6621-41ec-8767-e404c38c7ec1','a1c2245a-b9dd-4e26-b296-4120f2f1981d'),('f9a5b61a-3854-4f87-ac49-629f072247d6','a1c2245a-b9dd-4e26-b296-4120f2f1981d'),('fcc5b064-93f8-4290-a374-92b90f2da038','a1c2245a-b9dd-4e26-b296-4120f2f1981d'),('ff876232-6bea-4061-9f3f-c6f09fb589c2','a1c2245a-b9dd-4e26-b296-4120f2f1981d'),('18180a75-1dce-43fb-8100-e8e158366716','adbf8775-cc9c-4ca7-9b9a-ff55e031c47a'),('491c8157-a62f-4d10-a237-9d4f808b006e','adbf8775-cc9c-4ca7-9b9a-ff55e031c47a'),('c7074f4c-fe31-4c72-af35-a1d31e378553','adbf8775-cc9c-4ca7-9b9a-ff55e031c47a'),('db96577c-bf17-4b54-be6b-acc8149a4c10','adbf8775-cc9c-4ca7-9b9a-ff55e031c47a'),('2f199af4-b617-4e07-938f-661ca15067ba','ba07b109-4d2e-46fd-8598-274526b30b4c'),('401d0bfd-4514-4dea-9b57-3755ea34845d','ba07b109-4d2e-46fd-8598-274526b30b4c'),('7e15e6af-d88f-4149-ad90-06dad4584f63','ba07b109-4d2e-46fd-8598-274526b30b4c'),('b14327f9-4beb-42e7-9c6e-28a1c7d7a719','ba07b109-4d2e-46fd-8598-274526b30b4c'),('0403e525-4c93-4008-ad2f-3fcfc0889df8','bf23cda5-e34e-4b01-bcb2-8424118d5de9'),('127bf6fb-d74b-466f-a3f3-97b4796256f1','bf23cda5-e34e-4b01-bcb2-8424118d5de9'),('148799d5-c8dd-4fbf-bfb2-281374843f7a','bf23cda5-e34e-4b01-bcb2-8424118d5de9'),('15c8c5fe-6222-433d-9776-b2318fed70fc','bf23cda5-e34e-4b01-bcb2-8424118d5de9'),('25f1d307-58d1-47cd-901a-efbd0011265f','bf23cda5-e34e-4b01-bcb2-8424118d5de9'),('3012f006-1b23-43a2-af27-94510c0d1b48','bf23cda5-e34e-4b01-bcb2-8424118d5de9'),('33b7d2e5-327f-4585-8a05-4845b2eda490','bf23cda5-e34e-4b01-bcb2-8424118d5de9'),('38df2494-b1fd-4b08-aff3-91bf4f4fe493','bf23cda5-e34e-4b01-bcb2-8424118d5de9'),('4f5b7291-a832-49fd-8a91-fdb257aab1ce','bf23cda5-e34e-4b01-bcb2-8424118d5de9'),('5b62f324-094d-4145-8a04-6d52c088e46b','bf23cda5-e34e-4b01-bcb2-8424118d5de9'),('6215cf36-159e-4220-8cd8-66c2eb26deec','bf23cda5-e34e-4b01-bcb2-8424118d5de9'),('73c3e5eb-a6e2-40c8-97cb-1d8ad0b08e16','bf23cda5-e34e-4b01-bcb2-8424118d5de9'),('78a79115-ec26-4827-ad28-1a0631e270ee','bf23cda5-e34e-4b01-bcb2-8424118d5de9'),('7e4bb113-d759-412d-b79f-4f5330b42f34','bf23cda5-e34e-4b01-bcb2-8424118d5de9'),('9094a99c-2b90-4203-9cc6-d115dd099449','bf23cda5-e34e-4b01-bcb2-8424118d5de9'),('ac0c6fb5-77da-46fd-8409-0b6092239276','bf23cda5-e34e-4b01-bcb2-8424118d5de9'),('b4043d13-4777-4e86-b5b6-a14f86fcb06e','bf23cda5-e34e-4b01-bcb2-8424118d5de9'),('cce5ffb0-cb9b-48e3-941d-435f104f0a59','bf23cda5-e34e-4b01-bcb2-8424118d5de9'),('d325bb6d-1754-4569-a50c-1d2871872eb4','bf23cda5-e34e-4b01-bcb2-8424118d5de9'),('d9bacc13-6569-4844-b55f-b6abdde77435','bf23cda5-e34e-4b01-bcb2-8424118d5de9'),('dfd99c52-f04a-4891-8309-7d90c1392551','bf23cda5-e34e-4b01-bcb2-8424118d5de9'),('e7e307de-911d-4db6-91ff-582cc40cb0a4','bf23cda5-e34e-4b01-bcb2-8424118d5de9'),('f5c3e25a-9f70-4181-9033-58aa579d89e2','bf23cda5-e34e-4b01-bcb2-8424118d5de9'),('f710b863-3de5-4038-88bb-ff5e8b7ef705','bf23cda5-e34e-4b01-bcb2-8424118d5de9'),('36fdab18-dbd9-4b2a-a6ce-64fac8df6ded','c433f828-aed8-4ee9-84c7-7b9da608b93d'),('6b5d4cb9-b919-40ec-8fd8-aef0aad2b9a8','c433f828-aed8-4ee9-84c7-7b9da608b93d'),('74ab1f27-128d-4a3e-9130-544807834dac','c433f828-aed8-4ee9-84c7-7b9da608b93d'),('8431cc4b-4263-4e31-8173-3b71d46042c8','c433f828-aed8-4ee9-84c7-7b9da608b93d'),('0d468086-2a6e-4317-9ef4-6765019b85e2','c9de397a-a370-4a25-9d53-a63b3d4dc23b'),('127bf6fb-d74b-466f-a3f3-97b4796256f1','c9de397a-a370-4a25-9d53-a63b3d4dc23b'),('478cd728-6e97-4609-95ca-43f4163ea672','c9de397a-a370-4a25-9d53-a63b3d4dc23b'),('762e8523-03d5-4d2e-bd58-0cbbf8ce0548','c9de397a-a370-4a25-9d53-a63b3d4dc23b'),('7d656135-5e56-4553-a554-6b3627bc83bc','c9de397a-a370-4a25-9d53-a63b3d4dc23b'),('8d7df223-607e-4fc6-ba23-b39f21d9ab3d','c9de397a-a370-4a25-9d53-a63b3d4dc23b'),('3440688b-2706-458e-892f-82219e3199a6','cea933f8-adad-433d-b88e-8c04769fc4d4'),('495ff831-db11-4e20-ab38-489d5909f5c7','cea933f8-adad-433d-b88e-8c04769fc4d4'),('4b03a97e-91ce-45b2-82a2-210048917943','cea933f8-adad-433d-b88e-8c04769fc4d4'),('519ebe91-641c-48cd-907a-4944c9e9033f','cea933f8-adad-433d-b88e-8c04769fc4d4'),('60442c97-07f8-492b-8bf1-2fedbc6834a1','cea933f8-adad-433d-b88e-8c04769fc4d4'),('7017aa7f-f89b-4a15-a702-793dd86423b1','cea933f8-adad-433d-b88e-8c04769fc4d4'),('778c3317-e6b5-4928-8373-bb7d5715a8b2','cea933f8-adad-433d-b88e-8c04769fc4d4'),('8b4bfe59-2d16-46cb-b99c-759df2d06b50','cea933f8-adad-433d-b88e-8c04769fc4d4'),('8e25c7c6-2291-4a78-8ef0-d50566deca35','cea933f8-adad-433d-b88e-8c04769fc4d4'),('8e73fc61-b886-472e-ac2f-59180634b905','cea933f8-adad-433d-b88e-8c04769fc4d4'),('9269d97f-01e9-4706-8b93-d027e5c206b6','cea933f8-adad-433d-b88e-8c04769fc4d4'),('a10327b2-b84e-4349-b57e-79f01d2f21ca','cea933f8-adad-433d-b88e-8c04769fc4d4'),('a6f4535c-5e6e-49b0-8b8b-d315572b516d','cea933f8-adad-433d-b88e-8c04769fc4d4'),('a9c43030-bc7a-4bc6-a376-3afb31cb27f1','cea933f8-adad-433d-b88e-8c04769fc4d4'),('ac4e01e8-3832-49d1-9007-0f945f25368f','cea933f8-adad-433d-b88e-8c04769fc4d4'),('b9ca3f88-321d-4255-8c73-c58a266179f7','cea933f8-adad-433d-b88e-8c04769fc4d4'),('c0787645-631b-4001-9860-61cf5d7987e4','cea933f8-adad-433d-b88e-8c04769fc4d4'),('c48c6b0f-a293-4837-b40e-e42d781e0474','cea933f8-adad-433d-b88e-8c04769fc4d4'),('cd8de963-f1ca-44a0-8518-ac8ebd4f87cc','cea933f8-adad-433d-b88e-8c04769fc4d4'),('d77441ee-9acf-4299-a9aa-9a8e8e08afb9','cea933f8-adad-433d-b88e-8c04769fc4d4'),('dbad9be5-5a04-43dc-a5fa-9425cc00b4bf','cea933f8-adad-433d-b88e-8c04769fc4d4'),('ed6c7c48-7474-4f7c-9200-4a2cd59f205b','cea933f8-adad-433d-b88e-8c04769fc4d4'),('f8b17024-ff3d-40e9-bee0-72235e1f0bc1','cea933f8-adad-433d-b88e-8c04769fc4d4'),('087b4aa5-beb5-45b7-a885-d0aef0153bbb','d80badaf-38ac-4ae4-a1ae-223d9d390089'),('371a4cb9-dc48-46d7-aead-9121c039c933','d80badaf-38ac-4ae4-a1ae-223d9d390089'),('73c3e5eb-a6e2-40c8-97cb-1d8ad0b08e16','d80badaf-38ac-4ae4-a1ae-223d9d390089'),('775da92a-7d57-4774-b005-d4692ed69316','d80badaf-38ac-4ae4-a1ae-223d9d390089'),('8b7d0a84-0323-48ae-9e50-e3093aebece7','d80badaf-38ac-4ae4-a1ae-223d9d390089'),('bfaa992d-1f34-49b7-b5d4-91e709900f44','d80badaf-38ac-4ae4-a1ae-223d9d390089'),('d83c3b58-a9ff-4ad0-8797-bfacfb790e2f','d80badaf-38ac-4ae4-a1ae-223d9d390089'),('e4b54b28-448d-4276-8eb2-fbce4b7bd5d1','d80badaf-38ac-4ae4-a1ae-223d9d390089'),('e7bdfe9c-fbfa-486e-9f20-e031745bc34f','d80badaf-38ac-4ae4-a1ae-223d9d390089'),('02307e4b-1c1c-4ae1-9a9c-bbcd9182e560','d95b256c-3abc-4fcd-a35d-16281ac3cb29'),('041157ed-66ec-4fbc-9562-70d7d5bbe2c9','d95b256c-3abc-4fcd-a35d-16281ac3cb29'),('0cb6c3a9-156d-4867-8a08-bb511bea3ff0','d95b256c-3abc-4fcd-a35d-16281ac3cb29'),('18f0d421-0468-41d3-a430-437f3affe6d9','d95b256c-3abc-4fcd-a35d-16281ac3cb29'),('1ffe7552-6240-4ba7-abe5-b0aee15bf5d0','d95b256c-3abc-4fcd-a35d-16281ac3cb29'),('27d12f2b-6866-4bec-a039-84eb7e9a5db9','d95b256c-3abc-4fcd-a35d-16281ac3cb29'),('2dd9a3f3-6c6e-486d-ae4d-11b689e6f7cd','d95b256c-3abc-4fcd-a35d-16281ac3cb29'),('2ee841da-30ac-4e56-bca6-3dc319eeae8e','d95b256c-3abc-4fcd-a35d-16281ac3cb29'),('341eb6df-11f5-41ec-a3d3-eb8430121f90','d95b256c-3abc-4fcd-a35d-16281ac3cb29'),('375ea164-efc3-4344-a919-d6b676851019','d95b256c-3abc-4fcd-a35d-16281ac3cb29'),('38df2494-b1fd-4b08-aff3-91bf4f4fe493','d95b256c-3abc-4fcd-a35d-16281ac3cb29'),('3a85d390-e5da-4e76-8a4d-371f67a47698','d95b256c-3abc-4fcd-a35d-16281ac3cb29'),('3e9f25ca-ea70-4f46-9954-5204d9f0f308','d95b256c-3abc-4fcd-a35d-16281ac3cb29'),('43d9d12f-1576-4b6d-8edd-575259740e9c','d95b256c-3abc-4fcd-a35d-16281ac3cb29'),('495ff831-db11-4e20-ab38-489d5909f5c7','d95b256c-3abc-4fcd-a35d-16281ac3cb29'),('4bb91a50-47e6-405d-b074-dfe647ba4e2c','d95b256c-3abc-4fcd-a35d-16281ac3cb29'),('4d44e245-e57e-4616-82c8-f83ec1760a40','d95b256c-3abc-4fcd-a35d-16281ac3cb29'),('525e43c5-cae6-45dc-ae78-03f0dc3574ab','d95b256c-3abc-4fcd-a35d-16281ac3cb29'),('5374a8c4-e973-4a66-97f9-8e079489614b','d95b256c-3abc-4fcd-a35d-16281ac3cb29'),('55d574f7-1d03-4629-87e6-8ef23177fa78','d95b256c-3abc-4fcd-a35d-16281ac3cb29'),('5652e327-177f-4b15-835d-42fd40b02dcc','d95b256c-3abc-4fcd-a35d-16281ac3cb29'),('60de47c2-ea8a-4fff-b204-195d5839e3b1','d95b256c-3abc-4fcd-a35d-16281ac3cb29'),('62690bbb-30cd-44b2-a9ff-9364d43b9777','d95b256c-3abc-4fcd-a35d-16281ac3cb29'),('63e74957-9467-4665-9be2-faa13442d7e7','d95b256c-3abc-4fcd-a35d-16281ac3cb29'),('661cbe6a-6a94-4083-b609-36351f2d4536','d95b256c-3abc-4fcd-a35d-16281ac3cb29'),('6738c9a6-e3a0-4ee9-ac2a-bee23f85c242','d95b256c-3abc-4fcd-a35d-16281ac3cb29'),('67c2e248-f9bc-4e19-9be6-0b4b46a7f16c','d95b256c-3abc-4fcd-a35d-16281ac3cb29'),('6d8427eb-38f8-40c6-acd9-5546ce1e85d5','d95b256c-3abc-4fcd-a35d-16281ac3cb29'),('6db82cde-52e6-44d3-bea4-27e0b19f6e44','d95b256c-3abc-4fcd-a35d-16281ac3cb29'),('70d273b5-2b11-485e-9cff-8491ed3b67e5','d95b256c-3abc-4fcd-a35d-16281ac3cb29'),('720c76e0-835f-4753-94de-e219074ffd12','d95b256c-3abc-4fcd-a35d-16281ac3cb29'),('7479de76-3a8d-4edd-a036-9feece11c991','d95b256c-3abc-4fcd-a35d-16281ac3cb29'),('778c3317-e6b5-4928-8373-bb7d5715a8b2','d95b256c-3abc-4fcd-a35d-16281ac3cb29'),('798d43e0-e3d0-48df-99f1-a9f46407c1a0','d95b256c-3abc-4fcd-a35d-16281ac3cb29'),('79f38c71-bbc0-4302-b1a8-ddf7b0dc5501','d95b256c-3abc-4fcd-a35d-16281ac3cb29'),('7b361a52-d5dc-4a59-bd1b-2641d08d0fe5','d95b256c-3abc-4fcd-a35d-16281ac3cb29'),('7b9e61cc-737b-4e72-8fef-69bd520de032','d95b256c-3abc-4fcd-a35d-16281ac3cb29'),('89c1861e-f9d1-43ca-ab2f-31f6b2b0bceb','d95b256c-3abc-4fcd-a35d-16281ac3cb29'),('8b5b0bc7-6fdc-478f-bcc8-2747ba44ff03','d95b256c-3abc-4fcd-a35d-16281ac3cb29'),('8b7d0a84-0323-48ae-9e50-e3093aebece7','d95b256c-3abc-4fcd-a35d-16281ac3cb29'),('8bebc5ad-7ef6-45df-8d08-f34e21be6a85','d95b256c-3abc-4fcd-a35d-16281ac3cb29'),('96a5acc2-53bf-4f1e-b2e2-8abe92abbd04','d95b256c-3abc-4fcd-a35d-16281ac3cb29'),('971a76bc-1d26-41af-b668-1109500ba4ae','d95b256c-3abc-4fcd-a35d-16281ac3cb29'),('9799f738-5654-43e7-a0da-63fcacf35b89','d95b256c-3abc-4fcd-a35d-16281ac3cb29'),('9cd04008-75c3-4eb4-b28c-383343f246d9','d95b256c-3abc-4fcd-a35d-16281ac3cb29'),('9de6df40-432b-4ab8-829f-69359d01a8ce','d95b256c-3abc-4fcd-a35d-16281ac3cb29'),('9fd11a50-ba67-4413-a2fc-7c0eb6c6c939','d95b256c-3abc-4fcd-a35d-16281ac3cb29'),('a3c445c2-cfb5-4ed0-9703-39db97eccdd9','d95b256c-3abc-4fcd-a35d-16281ac3cb29'),('ac0c6fb5-77da-46fd-8409-0b6092239276','d95b256c-3abc-4fcd-a35d-16281ac3cb29'),('aefbd486-11cf-42bc-bdad-79b772bbcc1e','d95b256c-3abc-4fcd-a35d-16281ac3cb29'),('afe3b475-70f0-46a0-8bdd-a33a8fe13c79','d95b256c-3abc-4fcd-a35d-16281ac3cb29'),('b17a8c96-e03c-4378-9ba3-d7fdeba7ad64','d95b256c-3abc-4fcd-a35d-16281ac3cb29'),('b5854daf-6898-41d6-8d4c-5ed8a62685ce','d95b256c-3abc-4fcd-a35d-16281ac3cb29'),('b5fe74a0-a6a6-4df4-9b11-adcafbeb6daf','d95b256c-3abc-4fcd-a35d-16281ac3cb29'),('ba5daefc-6994-4ec9-9d4a-81a3e909b3d7','d95b256c-3abc-4fcd-a35d-16281ac3cb29'),('ba7b09ae-f942-464b-87a2-d360c417024d','d95b256c-3abc-4fcd-a35d-16281ac3cb29'),('c368f9fe-5a24-4e7a-aec1-3961bae963be','d95b256c-3abc-4fcd-a35d-16281ac3cb29'),('d3d96030-8b61-4277-b1b3-b857b0871d66','d95b256c-3abc-4fcd-a35d-16281ac3cb29'),('dcdc7c37-a8a3-499c-bfbf-fbaf5c4f00ac','d95b256c-3abc-4fcd-a35d-16281ac3cb29'),('dd1c4484-3093-47c0-8a7e-0921f09fb308','d95b256c-3abc-4fcd-a35d-16281ac3cb29'),('df12269a-f8ba-4401-a716-ffc978730f6d','d95b256c-3abc-4fcd-a35d-16281ac3cb29'),('e334d5ad-b017-4d7d-9a44-190bcf2bbeed','d95b256c-3abc-4fcd-a35d-16281ac3cb29'),('e345193b-4215-4356-bb3c-e5758abbbef4','d95b256c-3abc-4fcd-a35d-16281ac3cb29'),('e65ff1d8-3590-465c-a0c7-3df774e99bfe','d95b256c-3abc-4fcd-a35d-16281ac3cb29'),('e83a72e3-88d8-4221-8eda-6a7fb38f974e','d95b256c-3abc-4fcd-a35d-16281ac3cb29'),('eb38ada0-5b4a-4985-882f-ccc0a0b9b522','d95b256c-3abc-4fcd-a35d-16281ac3cb29'),('ebc0f9dd-1384-486f-810a-a3d9aa430c95','d95b256c-3abc-4fcd-a35d-16281ac3cb29'),('f4accb8f-4278-4a4b-9b46-265ddd02136e','d95b256c-3abc-4fcd-a35d-16281ac3cb29'),('f5fa80a4-f5e8-4ccd-95d4-365ddfdad966','d95b256c-3abc-4fcd-a35d-16281ac3cb29'),('fb21aacc-0b05-4d12-a223-ed04b154a9f6','d95b256c-3abc-4fcd-a35d-16281ac3cb29'),('fcaf71ff-ec39-4ad6-9a1f-76d2abf65c01','d95b256c-3abc-4fcd-a35d-16281ac3cb29'),('02307e4b-1c1c-4ae1-9a9c-bbcd9182e560','df3d5d58-9be9-4f8c-ad86-2288ff13b9f1'),('041157ed-66ec-4fbc-9562-70d7d5bbe2c9','df3d5d58-9be9-4f8c-ad86-2288ff13b9f1'),('09ee70b0-8728-4be3-bce6-16655c6d332a','df3d5d58-9be9-4f8c-ad86-2288ff13b9f1'),('0cb6c3a9-156d-4867-8a08-bb511bea3ff0','df3d5d58-9be9-4f8c-ad86-2288ff13b9f1'),('11c9574a-0cdc-453f-b16d-6da13a3c8872','df3d5d58-9be9-4f8c-ad86-2288ff13b9f1'),('127bf6fb-d74b-466f-a3f3-97b4796256f1','df3d5d58-9be9-4f8c-ad86-2288ff13b9f1'),('13b300ee-1c46-494f-a0e0-7e0e02691340','df3d5d58-9be9-4f8c-ad86-2288ff13b9f1'),('148799d5-c8dd-4fbf-bfb2-281374843f7a','df3d5d58-9be9-4f8c-ad86-2288ff13b9f1'),('15591be6-5c8f-4448-a031-779209ccd662','df3d5d58-9be9-4f8c-ad86-2288ff13b9f1'),('193b477b-05ed-4bd7-be21-5d7942392280','df3d5d58-9be9-4f8c-ad86-2288ff13b9f1'),('19706164-7b2d-4ce8-b204-c7b202f341ac','df3d5d58-9be9-4f8c-ad86-2288ff13b9f1'),('1a4662c5-dbbf-49a8-8240-d9d4f9a43b88','df3d5d58-9be9-4f8c-ad86-2288ff13b9f1'),('1c2f646e-7418-4f19-8ce0-547ef80f5264','df3d5d58-9be9-4f8c-ad86-2288ff13b9f1'),('1e064d6f-eeb6-4457-9ef8-799658438bfc','df3d5d58-9be9-4f8c-ad86-2288ff13b9f1'),('1fa2d168-1568-403b-851e-ea7dcdbf1b8d','df3d5d58-9be9-4f8c-ad86-2288ff13b9f1'),('239284e4-ed01-4730-9807-75a477305926','df3d5d58-9be9-4f8c-ad86-2288ff13b9f1'),('24493183-83aa-498e-9489-354c9291eaf3','df3d5d58-9be9-4f8c-ad86-2288ff13b9f1'),('25f1d307-58d1-47cd-901a-efbd0011265f','df3d5d58-9be9-4f8c-ad86-2288ff13b9f1'),('27d12f2b-6866-4bec-a039-84eb7e9a5db9','df3d5d58-9be9-4f8c-ad86-2288ff13b9f1'),('290403a0-110a-424a-b50d-b45a565ad573','df3d5d58-9be9-4f8c-ad86-2288ff13b9f1'),('293c87ed-8e19-4403-97d8-698bb7ecc950','df3d5d58-9be9-4f8c-ad86-2288ff13b9f1'),('2b2410f2-8f50-4d29-82c3-2a428baa5a42','df3d5d58-9be9-4f8c-ad86-2288ff13b9f1'),('2ce11d98-6dd0-40b6-807f-e37c0c67e647','df3d5d58-9be9-4f8c-ad86-2288ff13b9f1'),('2cfde816-b001-428f-b469-fbd264df9f81','df3d5d58-9be9-4f8c-ad86-2288ff13b9f1'),('2d1107a3-d69b-489f-bbd1-23cc1d51b67e','df3d5d58-9be9-4f8c-ad86-2288ff13b9f1'),('2dd9a3f3-6c6e-486d-ae4d-11b689e6f7cd','df3d5d58-9be9-4f8c-ad86-2288ff13b9f1'),('3012f006-1b23-43a2-af27-94510c0d1b48','df3d5d58-9be9-4f8c-ad86-2288ff13b9f1'),('307244b6-0421-4584-9bb8-654aa0dba0cf','df3d5d58-9be9-4f8c-ad86-2288ff13b9f1'),('31211788-efd1-4d70-8113-16573650ea3d','df3d5d58-9be9-4f8c-ad86-2288ff13b9f1'),('341eb6df-11f5-41ec-a3d3-eb8430121f90','df3d5d58-9be9-4f8c-ad86-2288ff13b9f1'),('343c3fc9-1ee0-46e2-b943-dc498eeb291d','df3d5d58-9be9-4f8c-ad86-2288ff13b9f1'),('3b375ed6-4546-47d3-a648-d56635ec812b','df3d5d58-9be9-4f8c-ad86-2288ff13b9f1'),('3c627cc2-1147-4f32-a08a-8aed92916eba','df3d5d58-9be9-4f8c-ad86-2288ff13b9f1'),('3d81e9c8-d147-4430-b728-75b0064817ad','df3d5d58-9be9-4f8c-ad86-2288ff13b9f1'),('3e55aa2e-c301-4af1-900e-f51bf1f727a8','df3d5d58-9be9-4f8c-ad86-2288ff13b9f1'),('3e9f25ca-ea70-4f46-9954-5204d9f0f308','df3d5d58-9be9-4f8c-ad86-2288ff13b9f1'),('3f616954-7d7b-4291-804f-cc95ee8c430b','df3d5d58-9be9-4f8c-ad86-2288ff13b9f1'),('43d9d12f-1576-4b6d-8edd-575259740e9c','df3d5d58-9be9-4f8c-ad86-2288ff13b9f1'),('456bd86e-79b9-4678-be4b-65521a8fafbb','df3d5d58-9be9-4f8c-ad86-2288ff13b9f1'),('45e5d6a1-6a40-4a24-a4dc-d2d269b73f86','df3d5d58-9be9-4f8c-ad86-2288ff13b9f1'),('4684ceb8-cb41-4494-a6ac-684b36687130','df3d5d58-9be9-4f8c-ad86-2288ff13b9f1'),('47fd37bf-a4bd-4fd0-9102-3de59979bbff','df3d5d58-9be9-4f8c-ad86-2288ff13b9f1'),('4d44e245-e57e-4616-82c8-f83ec1760a40','df3d5d58-9be9-4f8c-ad86-2288ff13b9f1'),('4dce2a04-50c8-4064-987a-619493b0d6e0','df3d5d58-9be9-4f8c-ad86-2288ff13b9f1'),('4fbcae57-f2ae-42bd-a4b7-5b692c72e150','df3d5d58-9be9-4f8c-ad86-2288ff13b9f1'),('525c78f3-9e69-4b19-8903-b79a24a4c1c8','df3d5d58-9be9-4f8c-ad86-2288ff13b9f1'),('546aea58-c035-4652-a40d-377cf59f5f92','df3d5d58-9be9-4f8c-ad86-2288ff13b9f1'),('55d574f7-1d03-4629-87e6-8ef23177fa78','df3d5d58-9be9-4f8c-ad86-2288ff13b9f1'),('590475e4-49e0-4de8-bc5e-f4f3516327df','df3d5d58-9be9-4f8c-ad86-2288ff13b9f1'),('5ba3bb65-cc15-466f-9c6d-f6e5eb2dee8f','df3d5d58-9be9-4f8c-ad86-2288ff13b9f1'),('5c03d350-1a38-44d4-980b-bbe44591d16a','df3d5d58-9be9-4f8c-ad86-2288ff13b9f1'),('60de47c2-ea8a-4fff-b204-195d5839e3b1','df3d5d58-9be9-4f8c-ad86-2288ff13b9f1'),('68119b6b-27a3-44d2-9907-d47e931f5bb9','df3d5d58-9be9-4f8c-ad86-2288ff13b9f1'),('6cff8b07-07cd-4614-9257-76c99258f02e','df3d5d58-9be9-4f8c-ad86-2288ff13b9f1'),('6d135b57-5970-443d-aecf-53f77a1141ea','df3d5d58-9be9-4f8c-ad86-2288ff13b9f1'),('711c20bf-4b00-4016-909e-1ae01f0c207b','df3d5d58-9be9-4f8c-ad86-2288ff13b9f1'),('720c76e0-835f-4753-94de-e219074ffd12','df3d5d58-9be9-4f8c-ad86-2288ff13b9f1'),('735acc20-5477-4037-8b06-11825fe0e233','df3d5d58-9be9-4f8c-ad86-2288ff13b9f1'),('73c3e5eb-a6e2-40c8-97cb-1d8ad0b08e16','df3d5d58-9be9-4f8c-ad86-2288ff13b9f1'),('747abb8e-5c82-4c1f-9cc5-ed898bf26b1d','df3d5d58-9be9-4f8c-ad86-2288ff13b9f1'),('775da92a-7d57-4774-b005-d4692ed69316','df3d5d58-9be9-4f8c-ad86-2288ff13b9f1'),('782ed63a-1356-49f2-84fd-e5e482d85b27','df3d5d58-9be9-4f8c-ad86-2288ff13b9f1'),('785b2746-cd84-47d1-a01b-06851534b161','df3d5d58-9be9-4f8c-ad86-2288ff13b9f1'),('798d43e0-e3d0-48df-99f1-a9f46407c1a0','df3d5d58-9be9-4f8c-ad86-2288ff13b9f1'),('7ad0126d-6070-433b-860f-2dd4492e0502','df3d5d58-9be9-4f8c-ad86-2288ff13b9f1'),('7b361a52-d5dc-4a59-bd1b-2641d08d0fe5','df3d5d58-9be9-4f8c-ad86-2288ff13b9f1'),('7b9e61cc-737b-4e72-8fef-69bd520de032','df3d5d58-9be9-4f8c-ad86-2288ff13b9f1'),('7cb94354-fb38-40d3-b1d3-acb6cb72e46f','df3d5d58-9be9-4f8c-ad86-2288ff13b9f1'),('7f8e0cee-2e2c-48e1-b0f0-87dd059a89d8','df3d5d58-9be9-4f8c-ad86-2288ff13b9f1'),('83139261-d526-4116-9092-7b492ce4bd8f','df3d5d58-9be9-4f8c-ad86-2288ff13b9f1'),('8431cc4b-4263-4e31-8173-3b71d46042c8','df3d5d58-9be9-4f8c-ad86-2288ff13b9f1'),('85032c61-8537-4b73-8ea8-788845a1683a','df3d5d58-9be9-4f8c-ad86-2288ff13b9f1'),('850d8c3e-220a-4539-9981-8f2d24716011','df3d5d58-9be9-4f8c-ad86-2288ff13b9f1'),('8aeb95b1-8661-4739-a35d-10ec65767104','df3d5d58-9be9-4f8c-ad86-2288ff13b9f1'),('8b5b0bc7-6fdc-478f-bcc8-2747ba44ff03','df3d5d58-9be9-4f8c-ad86-2288ff13b9f1'),('8b7d0a84-0323-48ae-9e50-e3093aebece7','df3d5d58-9be9-4f8c-ad86-2288ff13b9f1'),('8d546e33-6ebb-4805-bbbe-6f42ea4698e7','df3d5d58-9be9-4f8c-ad86-2288ff13b9f1'),('8d7df223-607e-4fc6-ba23-b39f21d9ab3d','df3d5d58-9be9-4f8c-ad86-2288ff13b9f1'),('8e542a35-1751-488a-b037-52ff8218f382','df3d5d58-9be9-4f8c-ad86-2288ff13b9f1'),('8efd93fb-b131-469d-b8f6-b67155ad417f','df3d5d58-9be9-4f8c-ad86-2288ff13b9f1'),('90c7f296-fd26-4906-8109-a916573c3858','df3d5d58-9be9-4f8c-ad86-2288ff13b9f1'),('91ea73cf-b7b7-4a47-9ff7-f3d8f0a01c7f','df3d5d58-9be9-4f8c-ad86-2288ff13b9f1'),('93ac36d2-46a2-4eea-9c75-e6a83e7a1943','df3d5d58-9be9-4f8c-ad86-2288ff13b9f1'),('9669d7a2-d4de-416a-8469-4902cb12dd1b','df3d5d58-9be9-4f8c-ad86-2288ff13b9f1'),('96a5acc2-53bf-4f1e-b2e2-8abe92abbd04','df3d5d58-9be9-4f8c-ad86-2288ff13b9f1'),('9793ba0f-2be4-42bc-84c5-35ffe4a0548b','df3d5d58-9be9-4f8c-ad86-2288ff13b9f1'),('9799f738-5654-43e7-a0da-63fcacf35b89','df3d5d58-9be9-4f8c-ad86-2288ff13b9f1'),('9847767c-27d0-4d4f-a94f-203be6f3ffa4','df3d5d58-9be9-4f8c-ad86-2288ff13b9f1'),('991173aa-8abb-4c8e-8a08-fcd8ca77abc4','df3d5d58-9be9-4f8c-ad86-2288ff13b9f1'),('9d559df7-9ab9-4302-8856-ab12f4f4abaa','df3d5d58-9be9-4f8c-ad86-2288ff13b9f1'),('a61fbc9c-deea-4ac7-9394-242d864ba0e6','df3d5d58-9be9-4f8c-ad86-2288ff13b9f1'),('a77faa5d-cb85-492f-8fa9-b9311df54a64','df3d5d58-9be9-4f8c-ad86-2288ff13b9f1'),('a7999bfc-aac8-450c-87ba-07137e2ff9e0','df3d5d58-9be9-4f8c-ad86-2288ff13b9f1'),('a8fcad38-4dd1-4d9b-9aec-8076fdced2a7','df3d5d58-9be9-4f8c-ad86-2288ff13b9f1'),('a9998b2c-0db0-4f9c-bd5c-8a2df8495ee8','df3d5d58-9be9-4f8c-ad86-2288ff13b9f1'),('a9abebfb-898f-47c0-8db1-92d29ea82bfc','df3d5d58-9be9-4f8c-ad86-2288ff13b9f1'),('ae50a9f0-cbb9-4719-a26d-2a3da1da16ce','df3d5d58-9be9-4f8c-ad86-2288ff13b9f1'),('ae6fe68e-9201-4b99-bb80-3da83158522a','df3d5d58-9be9-4f8c-ad86-2288ff13b9f1'),('b077d3e6-9648-4f1d-80d0-ef122d5c8ab5','df3d5d58-9be9-4f8c-ad86-2288ff13b9f1'),('b17a8c96-e03c-4378-9ba3-d7fdeba7ad64','df3d5d58-9be9-4f8c-ad86-2288ff13b9f1'),('b2a175df-1238-43ef-9b3d-1e447089f2e6','df3d5d58-9be9-4f8c-ad86-2288ff13b9f1'),('b3ed125e-09e0-4574-95a4-1133ae0596ff','df3d5d58-9be9-4f8c-ad86-2288ff13b9f1'),('b4043d13-4777-4e86-b5b6-a14f86fcb06e','df3d5d58-9be9-4f8c-ad86-2288ff13b9f1'),('b5854daf-6898-41d6-8d4c-5ed8a62685ce','df3d5d58-9be9-4f8c-ad86-2288ff13b9f1'),('b5fe74a0-a6a6-4df4-9b11-adcafbeb6daf','df3d5d58-9be9-4f8c-ad86-2288ff13b9f1'),('b7756116-5bf4-4bac-9796-d159d6280121','df3d5d58-9be9-4f8c-ad86-2288ff13b9f1'),('bc0fd55a-663d-4cc7-adb3-6859aa4a9740','df3d5d58-9be9-4f8c-ad86-2288ff13b9f1'),('be04d7cc-e756-4cc5-98ef-a1168685cb20','df3d5d58-9be9-4f8c-ad86-2288ff13b9f1'),('bfaa992d-1f34-49b7-b5d4-91e709900f44','df3d5d58-9be9-4f8c-ad86-2288ff13b9f1'),('c0230a5b-5d80-4ee6-ba1d-c4cf0900f2ae','df3d5d58-9be9-4f8c-ad86-2288ff13b9f1'),('c098d40b-1129-4d80-a500-8c2ef04d9f87','df3d5d58-9be9-4f8c-ad86-2288ff13b9f1'),('c0f07d31-3caa-4144-ac9c-47be8ea5768a','df3d5d58-9be9-4f8c-ad86-2288ff13b9f1'),('c11b1a85-ec79-488f-a1dc-311fb1f3f369','df3d5d58-9be9-4f8c-ad86-2288ff13b9f1'),('c30ec6d4-05b9-4c2b-b4ed-b199fb9f7687','df3d5d58-9be9-4f8c-ad86-2288ff13b9f1'),('c368f9fe-5a24-4e7a-aec1-3961bae963be','df3d5d58-9be9-4f8c-ad86-2288ff13b9f1'),('c3e787eb-8cca-4dd6-8edb-58fad75f2b1e','df3d5d58-9be9-4f8c-ad86-2288ff13b9f1'),('c48934d3-c64e-447d-a1ad-ba57cd6c2390','df3d5d58-9be9-4f8c-ad86-2288ff13b9f1'),('c50dd3b2-ee2d-4000-9649-a56e619f359b','df3d5d58-9be9-4f8c-ad86-2288ff13b9f1'),('c8a8df43-8292-4d5e-8881-3cde758b9e5b','df3d5d58-9be9-4f8c-ad86-2288ff13b9f1'),('cc29f48f-fe0e-4ddd-b673-185c413a8619','df3d5d58-9be9-4f8c-ad86-2288ff13b9f1'),('d0dd89f7-a63e-485d-a685-8a444275b189','df3d5d58-9be9-4f8c-ad86-2288ff13b9f1'),('d165e117-c7ca-4235-abd4-1cf6b8e31df9','df3d5d58-9be9-4f8c-ad86-2288ff13b9f1'),('d18a1914-a86e-45f5-82a5-fba8710ed728','df3d5d58-9be9-4f8c-ad86-2288ff13b9f1'),('d325bb6d-1754-4569-a50c-1d2871872eb4','df3d5d58-9be9-4f8c-ad86-2288ff13b9f1'),('d34db483-fadb-4729-81ff-8a83ceb9c41e','df3d5d58-9be9-4f8c-ad86-2288ff13b9f1'),('d5e4948b-54ed-4549-a7b3-70a41df00299','df3d5d58-9be9-4f8c-ad86-2288ff13b9f1'),('d8268fdc-54e2-4e76-9d55-0b71a6820452','df3d5d58-9be9-4f8c-ad86-2288ff13b9f1'),('d8e579cd-b5e6-4912-abaf-7cb63a1e8819','df3d5d58-9be9-4f8c-ad86-2288ff13b9f1'),('daae5da3-aefd-4bc5-b715-b9a9bc122d57','df3d5d58-9be9-4f8c-ad86-2288ff13b9f1'),('dca346fe-ae95-46d2-91f4-3adf74ef157b','df3d5d58-9be9-4f8c-ad86-2288ff13b9f1'),('dd1c4484-3093-47c0-8a7e-0921f09fb308','df3d5d58-9be9-4f8c-ad86-2288ff13b9f1'),('dd688745-bb0c-4286-b3ff-3db07d53c6de','df3d5d58-9be9-4f8c-ad86-2288ff13b9f1'),('ddf35f7b-53aa-4e70-9e6d-035ed2c967fc','df3d5d58-9be9-4f8c-ad86-2288ff13b9f1'),('dfd99c52-f04a-4891-8309-7d90c1392551','df3d5d58-9be9-4f8c-ad86-2288ff13b9f1'),('e05271e1-ae2b-4bbf-965b-244952dd0524','df3d5d58-9be9-4f8c-ad86-2288ff13b9f1'),('e293ad9c-07e1-48bb-b554-e881ed1cd2e5','df3d5d58-9be9-4f8c-ad86-2288ff13b9f1'),('e334d5ad-b017-4d7d-9a44-190bcf2bbeed','df3d5d58-9be9-4f8c-ad86-2288ff13b9f1'),('e4b54b28-448d-4276-8eb2-fbce4b7bd5d1','df3d5d58-9be9-4f8c-ad86-2288ff13b9f1'),('e769ca85-bb50-4422-8a42-4ea54fba7721','df3d5d58-9be9-4f8c-ad86-2288ff13b9f1'),('e7bdfe9c-fbfa-486e-9f20-e031745bc34f','df3d5d58-9be9-4f8c-ad86-2288ff13b9f1'),('e7e307de-911d-4db6-91ff-582cc40cb0a4','df3d5d58-9be9-4f8c-ad86-2288ff13b9f1'),('ebc0f9dd-1384-486f-810a-a3d9aa430c95','df3d5d58-9be9-4f8c-ad86-2288ff13b9f1'),('ed50ba55-c199-4d7d-a983-9b33adbc94af','df3d5d58-9be9-4f8c-ad86-2288ff13b9f1'),('f0953661-4294-44ea-a504-7c970814c176','df3d5d58-9be9-4f8c-ad86-2288ff13b9f1'),('f2019e8c-dcdd-4727-8daf-5e24164bc646','df3d5d58-9be9-4f8c-ad86-2288ff13b9f1'),('f304cc2b-8422-4f30-8ac8-4d460edbaf58','df3d5d58-9be9-4f8c-ad86-2288ff13b9f1'),('f4accb8f-4278-4a4b-9b46-265ddd02136e','df3d5d58-9be9-4f8c-ad86-2288ff13b9f1'),('f4af26f0-f6f2-420d-9e75-cbd13802dcfc','df3d5d58-9be9-4f8c-ad86-2288ff13b9f1'),('f593915b-ffcb-4108-b5c1-b5765012ac8c','df3d5d58-9be9-4f8c-ad86-2288ff13b9f1'),('f79fc6e5-8535-4849-b3d9-ef558737edc2','df3d5d58-9be9-4f8c-ad86-2288ff13b9f1'),('f8b17024-ff3d-40e9-bee0-72235e1f0bc1','df3d5d58-9be9-4f8c-ad86-2288ff13b9f1'),('f9ededf9-8c65-46b1-914d-d01c35e5561d','df3d5d58-9be9-4f8c-ad86-2288ff13b9f1'),('fb1aa225-04d6-4826-bd7d-b22a2a991e6e','df3d5d58-9be9-4f8c-ad86-2288ff13b9f1'),('fc1bf710-65c1-429e-a7a1-1268654e21af','df3d5d58-9be9-4f8c-ad86-2288ff13b9f1'),('fcaf71ff-ec39-4ad6-9a1f-76d2abf65c01','df3d5d58-9be9-4f8c-ad86-2288ff13b9f1'),('0403e525-4c93-4008-ad2f-3fcfc0889df8','dfc2613c-376e-461e-ba43-22a4197ac2e6'),('04248f51-4eac-487e-ae04-84089ff12a2a','dfc2613c-376e-461e-ba43-22a4197ac2e6'),('07db79d5-11eb-43d1-b204-66695fe0ea24','dfc2613c-376e-461e-ba43-22a4197ac2e6'),('0e771223-aed6-4354-a359-d0869c3e68cc','dfc2613c-376e-461e-ba43-22a4197ac2e6'),('12642337-588f-4dfe-8f4f-adfbbb3da9dc','dfc2613c-376e-461e-ba43-22a4197ac2e6'),('14250bb4-b8bd-4498-b9cb-de118aaadc48','dfc2613c-376e-461e-ba43-22a4197ac2e6'),('1d372c2c-d1d7-4561-98d6-2a3084c9afc3','dfc2613c-376e-461e-ba43-22a4197ac2e6'),('2360cb3c-bc87-4907-9c00-f8fe078b5978','dfc2613c-376e-461e-ba43-22a4197ac2e6'),('239284e4-ed01-4730-9807-75a477305926','dfc2613c-376e-461e-ba43-22a4197ac2e6'),('347cb62f-b0be-4e40-9e36-150d8344ed79','dfc2613c-376e-461e-ba43-22a4197ac2e6'),('375ea164-efc3-4344-a919-d6b676851019','dfc2613c-376e-461e-ba43-22a4197ac2e6'),('3aabedfb-c19c-4654-ad07-c657209ed7f2','dfc2613c-376e-461e-ba43-22a4197ac2e6'),('4511e7a0-5704-4a84-b939-06fdf2d27a0d','dfc2613c-376e-461e-ba43-22a4197ac2e6'),('474f9896-dae6-4bde-af01-e4fc5c83079a','dfc2613c-376e-461e-ba43-22a4197ac2e6'),('515166ef-6e45-4c0b-ae0a-9a0feafc8001','dfc2613c-376e-461e-ba43-22a4197ac2e6'),('543f93b3-3f20-438f-b046-96231171c3c5','dfc2613c-376e-461e-ba43-22a4197ac2e6'),('5c14aa07-e739-4826-831c-010bd03558bf','dfc2613c-376e-461e-ba43-22a4197ac2e6'),('62690bbb-30cd-44b2-a9ff-9364d43b9777','dfc2613c-376e-461e-ba43-22a4197ac2e6'),('649c32ad-9e5a-4096-bd5b-d51d0a97f9c4','dfc2613c-376e-461e-ba43-22a4197ac2e6'),('69fea2c4-70ef-43f4-889b-90e38c17c7f0','dfc2613c-376e-461e-ba43-22a4197ac2e6'),('6cf868f4-8f40-4821-9968-1fa3b0d05477','dfc2613c-376e-461e-ba43-22a4197ac2e6'),('7f8e0cee-2e2c-48e1-b0f0-87dd059a89d8','dfc2613c-376e-461e-ba43-22a4197ac2e6'),('850d8c3e-220a-4539-9981-8f2d24716011','dfc2613c-376e-461e-ba43-22a4197ac2e6'),('92a21c22-9169-4089-9928-66f7f59c0c7b','dfc2613c-376e-461e-ba43-22a4197ac2e6'),('965b2a37-708e-4b6f-aa36-81351b3315c7','dfc2613c-376e-461e-ba43-22a4197ac2e6'),('9669d7a2-d4de-416a-8469-4902cb12dd1b','dfc2613c-376e-461e-ba43-22a4197ac2e6'),('9e7f98b7-655f-4744-8c33-1d35dd5997c1','dfc2613c-376e-461e-ba43-22a4197ac2e6'),('b1b65f24-6680-4acc-b74a-4df840e7f67b','dfc2613c-376e-461e-ba43-22a4197ac2e6'),('b55559f1-f232-4b61-a553-50907c6bc9dc','dfc2613c-376e-461e-ba43-22a4197ac2e6'),('c4e20c98-8976-407f-94df-8f5b5601f233','dfc2613c-376e-461e-ba43-22a4197ac2e6'),('c8ad4419-5f2c-4874-9e35-5e2474111d98','dfc2613c-376e-461e-ba43-22a4197ac2e6'),('ca6c863f-98b8-453d-876a-3f21b24993ad','dfc2613c-376e-461e-ba43-22a4197ac2e6'),('d34ec59c-0167-4db1-9d16-e5456403935e','dfc2613c-376e-461e-ba43-22a4197ac2e6'),('d52c3b68-2e71-4add-a074-a30008f3e17e','dfc2613c-376e-461e-ba43-22a4197ac2e6'),('d5e4948b-54ed-4549-a7b3-70a41df00299','dfc2613c-376e-461e-ba43-22a4197ac2e6'),('d8e579cd-b5e6-4912-abaf-7cb63a1e8819','dfc2613c-376e-461e-ba43-22a4197ac2e6'),('dd1c4484-3093-47c0-8a7e-0921f09fb308','dfc2613c-376e-461e-ba43-22a4197ac2e6'),('e160e16f-e64b-4cba-b5c1-f1c73ebbfb04','dfc2613c-376e-461e-ba43-22a4197ac2e6'),('e6755bfb-ab84-4ee3-a19a-f83295c45544','dfc2613c-376e-461e-ba43-22a4197ac2e6'),('eebd03bc-afa2-4a40-8c92-19cf72717e99','dfc2613c-376e-461e-ba43-22a4197ac2e6'),('efa37b1d-f3ee-4ec5-bb10-2ad5573595e5','dfc2613c-376e-461e-ba43-22a4197ac2e6'),('efc94773-4453-4a3d-ac0a-bbf7a1cfe334','dfc2613c-376e-461e-ba43-22a4197ac2e6'),('f5a005b1-c93f-41f7-b9d0-96d5e174d747','dfc2613c-376e-461e-ba43-22a4197ac2e6'),('f7c4450b-6507-43f5-9135-2a6cdce079d9','dfc2613c-376e-461e-ba43-22a4197ac2e6'),('1c2f646e-7418-4f19-8ce0-547ef80f5264','e039c39e-a152-41bc-a648-cd09b901ff59'),('29ad681d-977e-44d8-84a2-80bcb2786cd3','e039c39e-a152-41bc-a648-cd09b901ff59'),('2efb669a-8381-4c0f-bb62-91e0778264da','e039c39e-a152-41bc-a648-cd09b901ff59'),('30f253e5-f120-409a-863a-dbc21cfc6fea','e039c39e-a152-41bc-a648-cd09b901ff59'),('46945fc7-d748-4877-8d2c-51cc2163f25d','e039c39e-a152-41bc-a648-cd09b901ff59'),('62690bbb-30cd-44b2-a9ff-9364d43b9777','e039c39e-a152-41bc-a648-cd09b901ff59'),('6e7786ea-81c3-400b-8eca-567f8a97b9d6','e039c39e-a152-41bc-a648-cd09b901ff59'),('8be6e367-7da4-42d4-8bb4-b0715b559fb7','e039c39e-a152-41bc-a648-cd09b901ff59'),('a61fbc9c-deea-4ac7-9394-242d864ba0e6','e039c39e-a152-41bc-a648-cd09b901ff59'),('acfa1cd3-dea3-4017-a8cb-80529b9d1c77','e039c39e-a152-41bc-a648-cd09b901ff59'),('cc29f48f-fe0e-4ddd-b673-185c413a8619','e039c39e-a152-41bc-a648-cd09b901ff59'),('e2cd447b-6a13-48b4-8bd9-b89f83b030ab','e039c39e-a152-41bc-a648-cd09b901ff59'),('e36a9b8e-1681-4990-8a05-1b321d751fbc','e039c39e-a152-41bc-a648-cd09b901ff59'),('1d372c2c-d1d7-4561-98d6-2a3084c9afc3','e21dd9bb-9659-4cd8-866e-06e5066c072d'),('543f93b3-3f20-438f-b046-96231171c3c5','e21dd9bb-9659-4cd8-866e-06e5066c072d'),('098db922-a52c-40ce-b4e6-0e3a014c468a','e2ea5872-a4a3-49de-b21e-ab1401554278'),('0a802ab0-9ddb-4a06-9f84-e5d18e6b1cc4','e2ea5872-a4a3-49de-b21e-ab1401554278'),('0bc0c575-41e7-405b-bc5f-a738f915069c','e2ea5872-a4a3-49de-b21e-ab1401554278'),('1cb4853f-6762-4a0a-8078-3660ed114477','e2ea5872-a4a3-49de-b21e-ab1401554278'),('2c28f067-62b0-44e1-8add-7bc35ded6e80','e2ea5872-a4a3-49de-b21e-ab1401554278'),('2e2372b2-df1b-4704-809f-7e0590bc6afe','e2ea5872-a4a3-49de-b21e-ab1401554278'),('371a4cb9-dc48-46d7-aead-9121c039c933','e2ea5872-a4a3-49de-b21e-ab1401554278'),('3dd378ac-8040-4005-b06f-e9fe8f0c542c','e2ea5872-a4a3-49de-b21e-ab1401554278'),('3fb06567-1613-4dde-9bbb-3aa5fdc0eaeb','e2ea5872-a4a3-49de-b21e-ab1401554278'),('40175450-855b-482e-9aa0-eaab657ab4d4','e2ea5872-a4a3-49de-b21e-ab1401554278'),('59ff58af-b0b6-4011-9814-303214a5e279','e2ea5872-a4a3-49de-b21e-ab1401554278'),('5ec46f16-45c7-4718-a39d-5f07c69b6791','e2ea5872-a4a3-49de-b21e-ab1401554278'),('636e558c-5245-4f1d-9343-4ede3a3c7bf8','e2ea5872-a4a3-49de-b21e-ab1401554278'),('697fcae1-5750-474f-87c7-2461a2555e97','e2ea5872-a4a3-49de-b21e-ab1401554278'),('702d4282-a3e0-46af-8393-3ad3627a135a','e2ea5872-a4a3-49de-b21e-ab1401554278'),('7d479645-3de9-466a-a1db-d09fa9a70973','e2ea5872-a4a3-49de-b21e-ab1401554278'),('81444335-f96c-4152-b650-196459b73ae9','e2ea5872-a4a3-49de-b21e-ab1401554278'),('825d6f2a-a9bf-4224-9652-d016866daf03','e2ea5872-a4a3-49de-b21e-ab1401554278'),('8674c393-706b-4667-80aa-3cad5d70229b','e2ea5872-a4a3-49de-b21e-ab1401554278'),('9ad2a67f-b79f-48d8-a9c1-66a5b415ed0c','e2ea5872-a4a3-49de-b21e-ab1401554278'),('a10b0038-4e9b-46bd-9056-bbe76f845124','e2ea5872-a4a3-49de-b21e-ab1401554278'),('a5856843-42fd-4414-bc1c-debbfda3ae2b','e2ea5872-a4a3-49de-b21e-ab1401554278'),('d83c3b58-a9ff-4ad0-8797-bfacfb790e2f','e2ea5872-a4a3-49de-b21e-ab1401554278'),('da59e20d-25de-413a-a3da-5ab526edab57','e2ea5872-a4a3-49de-b21e-ab1401554278'),('dda7549b-8e6d-491a-ad44-b3d0f2c92964','e2ea5872-a4a3-49de-b21e-ab1401554278'),('f9547156-dd20-461c-be23-9e644880750c','e2ea5872-a4a3-49de-b21e-ab1401554278'),('faf10dab-0614-4824-9aea-459ce8d07920','e2ea5872-a4a3-49de-b21e-ab1401554278'),('fc75bbed-f5a8-4a99-972a-b2d471f3b965','e2ea5872-a4a3-49de-b21e-ab1401554278'),('1080c13a-c470-4ac3-a693-5418557feccd','e48c8f03-322a-4b09-9f11-9d21b597282c'),('1197b261-3271-4767-be41-4ed2cb8ea422','e48c8f03-322a-4b09-9f11-9d21b597282c'),('12438e8c-5069-4c61-bd90-5945b8841877','e48c8f03-322a-4b09-9f11-9d21b597282c'),('14bee2a1-5e24-45ec-a0dd-326b77883ae6','e48c8f03-322a-4b09-9f11-9d21b597282c'),('1767a661-ca30-4698-b01f-1776f2e45418','e48c8f03-322a-4b09-9f11-9d21b597282c'),('18199342-d647-4b09-a17b-312e3681252a','e48c8f03-322a-4b09-9f11-9d21b597282c'),('18f0d421-0468-41d3-a430-437f3affe6d9','e48c8f03-322a-4b09-9f11-9d21b597282c'),('24d83bbd-70e3-46d3-8d35-4263ccd21cf1','e48c8f03-322a-4b09-9f11-9d21b597282c'),('25cef7ac-0a89-4ecf-9e31-12d8846aec08','e48c8f03-322a-4b09-9f11-9d21b597282c'),('290403a0-110a-424a-b50d-b45a565ad573','e48c8f03-322a-4b09-9f11-9d21b597282c'),('2b2410f2-8f50-4d29-82c3-2a428baa5a42','e48c8f03-322a-4b09-9f11-9d21b597282c'),('2c1d3b24-1de0-4264-95f2-4288bb5ec60b','e48c8f03-322a-4b09-9f11-9d21b597282c'),('38b8fef2-9799-4523-9a86-24055b38fc86','e48c8f03-322a-4b09-9f11-9d21b597282c'),('3ab9236b-bc95-49e3-a879-9aff70e8741d','e48c8f03-322a-4b09-9f11-9d21b597282c'),('3c86317a-c94d-4c61-8e72-5df52aa00e83','e48c8f03-322a-4b09-9f11-9d21b597282c'),('3e1a11a4-ff09-41d6-856c-54d783dea11e','e48c8f03-322a-4b09-9f11-9d21b597282c'),('42073fd8-9c5c-43d4-8bd3-1f38fee59e7a','e48c8f03-322a-4b09-9f11-9d21b597282c'),('455b478e-f6c1-4c83-8002-adb76bd0078c','e48c8f03-322a-4b09-9f11-9d21b597282c'),('4ada493d-5345-49fa-bd31-604e78cf6fd8','e48c8f03-322a-4b09-9f11-9d21b597282c'),('4c1abc88-e21b-4489-9199-afc35508f880','e48c8f03-322a-4b09-9f11-9d21b597282c'),('5188cb93-1bd1-4057-921a-45c801097fb7','e48c8f03-322a-4b09-9f11-9d21b597282c'),('531c1ecd-1d2c-49be-a01f-8dcdd4395099','e48c8f03-322a-4b09-9f11-9d21b597282c'),('551234b9-9037-4c02-b387-78156c9df240','e48c8f03-322a-4b09-9f11-9d21b597282c'),('590475e4-49e0-4de8-bc5e-f4f3516327df','e48c8f03-322a-4b09-9f11-9d21b597282c'),('5ba3bb65-cc15-466f-9c6d-f6e5eb2dee8f','e48c8f03-322a-4b09-9f11-9d21b597282c'),('5f02001b-01ff-408c-aae8-4e3740c62f13','e48c8f03-322a-4b09-9f11-9d21b597282c'),('6b48ae96-af3e-4288-9d9d-b3f7f2c5de49','e48c8f03-322a-4b09-9f11-9d21b597282c'),('7003c087-78f9-4d07-86f3-82d53506c520','e48c8f03-322a-4b09-9f11-9d21b597282c'),('740d5bb3-4f3b-46b9-b099-b811ce0c750c','e48c8f03-322a-4b09-9f11-9d21b597282c'),('745fe48c-d314-4d9f-93b5-589822f1d3f9','e48c8f03-322a-4b09-9f11-9d21b597282c'),('7e15e6af-d88f-4149-ad90-06dad4584f63','e48c8f03-322a-4b09-9f11-9d21b597282c'),('847aea6e-4f52-4d83-b01c-6e997cf9e3c1','e48c8f03-322a-4b09-9f11-9d21b597282c'),('84efafb2-b2f5-4fa2-be4e-d90e96a6dbcb','e48c8f03-322a-4b09-9f11-9d21b597282c'),('89c1861e-f9d1-43ca-ab2f-31f6b2b0bceb','e48c8f03-322a-4b09-9f11-9d21b597282c'),('8d141c06-cea1-459a-83ef-e55d8b634aa8','e48c8f03-322a-4b09-9f11-9d21b597282c'),('9020f743-a538-4a74-a57d-1c3a7fd32d72','e48c8f03-322a-4b09-9f11-9d21b597282c'),('a9abebfb-898f-47c0-8db1-92d29ea82bfc','e48c8f03-322a-4b09-9f11-9d21b597282c'),('ad0f7d6a-30cf-44c9-b129-4154e6c11eff','e48c8f03-322a-4b09-9f11-9d21b597282c'),('b14327f9-4beb-42e7-9c6e-28a1c7d7a719','e48c8f03-322a-4b09-9f11-9d21b597282c'),('b35ef468-8b4d-41e6-a650-1e438e704560','e48c8f03-322a-4b09-9f11-9d21b597282c'),('b50e9e17-5b28-4d6c-b958-56c044bd727c','e48c8f03-322a-4b09-9f11-9d21b597282c'),('b612f5a9-b580-4e66-aa03-3cf6540ebc9f','e48c8f03-322a-4b09-9f11-9d21b597282c'),('b96ce512-c25f-4520-b225-8c653b50b0ef','e48c8f03-322a-4b09-9f11-9d21b597282c'),('ba7b09ae-f942-464b-87a2-d360c417024d','e48c8f03-322a-4b09-9f11-9d21b597282c'),('baed5b15-d4ac-46fc-9e3e-8c87c524d967','e48c8f03-322a-4b09-9f11-9d21b597282c'),('bc0fd55a-663d-4cc7-adb3-6859aa4a9740','e48c8f03-322a-4b09-9f11-9d21b597282c'),('bca82050-936a-4324-9934-aefdf7d743df','e48c8f03-322a-4b09-9f11-9d21b597282c'),('c0f07d31-3caa-4144-ac9c-47be8ea5768a','e48c8f03-322a-4b09-9f11-9d21b597282c'),('c1c99113-c8cf-48ca-91ac-8f7631da6758','e48c8f03-322a-4b09-9f11-9d21b597282c'),('cf0befb4-9b30-49cc-b7fa-73c144bd4e58','e48c8f03-322a-4b09-9f11-9d21b597282c'),('d165e117-c7ca-4235-abd4-1cf6b8e31df9','e48c8f03-322a-4b09-9f11-9d21b597282c'),('d18a1914-a86e-45f5-82a5-fba8710ed728','e48c8f03-322a-4b09-9f11-9d21b597282c'),('db96577c-bf17-4b54-be6b-acc8149a4c10','e48c8f03-322a-4b09-9f11-9d21b597282c'),('dc0b3ea4-48fc-4efb-a67d-ab6dba27a354','e48c8f03-322a-4b09-9f11-9d21b597282c'),('e0e61534-df39-4519-8bac-108531e2767d','e48c8f03-322a-4b09-9f11-9d21b597282c'),('e24279d9-569a-4130-80d1-7b70df85d5b4','e48c8f03-322a-4b09-9f11-9d21b597282c'),('e293ad9c-07e1-48bb-b554-e881ed1cd2e5','e48c8f03-322a-4b09-9f11-9d21b597282c'),('e345193b-4215-4356-bb3c-e5758abbbef4','e48c8f03-322a-4b09-9f11-9d21b597282c'),('e95ec8f5-b189-4ef4-892f-32236016ac69','e48c8f03-322a-4b09-9f11-9d21b597282c'),('ec6b2f96-53b0-481c-886d-731656e442e9','e48c8f03-322a-4b09-9f11-9d21b597282c'),('f0c06507-42eb-4e00-bbeb-a29354f83f61','e48c8f03-322a-4b09-9f11-9d21b597282c'),('f2019e8c-dcdd-4727-8daf-5e24164bc646','e48c8f03-322a-4b09-9f11-9d21b597282c'),('f3900c90-42f0-4a26-9112-67034d82e434','e48c8f03-322a-4b09-9f11-9d21b597282c'),('ff83e2ec-6860-4c37-8ada-1cd717766933','e48c8f03-322a-4b09-9f11-9d21b597282c'),('ffde9470-ef82-41fa-acb0-20e1a116bdce','e48c8f03-322a-4b09-9f11-9d21b597282c'),('041157ed-66ec-4fbc-9562-70d7d5bbe2c9','ecd0345b-68c7-4500-a527-07cef9e55108'),('0d468086-2a6e-4317-9ef4-6765019b85e2','ecd0345b-68c7-4500-a527-07cef9e55108'),('478cd728-6e97-4609-95ca-43f4163ea672','ecd0345b-68c7-4500-a527-07cef9e55108'),('65bb7c30-3656-4ef8-8580-f50707eeea44','ecd0345b-68c7-4500-a527-07cef9e55108'),('762e8523-03d5-4d2e-bd58-0cbbf8ce0548','ecd0345b-68c7-4500-a527-07cef9e55108'),('7d656135-5e56-4553-a554-6b3627bc83bc','ecd0345b-68c7-4500-a527-07cef9e55108'),('8097a851-3d17-4db1-ae60-a945b9c443f8','ecd0345b-68c7-4500-a527-07cef9e55108'),('82b36986-b948-4baa-8a79-ef53a7a84a6d','ecd0345b-68c7-4500-a527-07cef9e55108'),('ae6fe68e-9201-4b99-bb80-3da83158522a','ecd0345b-68c7-4500-a527-07cef9e55108'),('c3e787eb-8cca-4dd6-8edb-58fad75f2b1e','ecd0345b-68c7-4500-a527-07cef9e55108'),('daae5da3-aefd-4bc5-b715-b9a9bc122d57','ecd0345b-68c7-4500-a527-07cef9e55108'),('043ff3b8-4d70-4230-bef7-b2b4561a3d0a','f937208d-1f44-44ba-a0f3-53fb577ba590'),('0e723d2e-704f-4b8e-8947-448b487e2601','f937208d-1f44-44ba-a0f3-53fb577ba590'),('1080c13a-c470-4ac3-a693-5418557feccd','f937208d-1f44-44ba-a0f3-53fb577ba590'),('15432154-bc22-4bf4-9c1c-6526f32962b4','f937208d-1f44-44ba-a0f3-53fb577ba590'),('1fa2d168-1568-403b-851e-ea7dcdbf1b8d','f937208d-1f44-44ba-a0f3-53fb577ba590'),('25cef7ac-0a89-4ecf-9e31-12d8846aec08','f937208d-1f44-44ba-a0f3-53fb577ba590'),('307244b6-0421-4584-9bb8-654aa0dba0cf','f937208d-1f44-44ba-a0f3-53fb577ba590'),('36967069-1291-4fdb-a968-2ec156ee3cb2','f937208d-1f44-44ba-a0f3-53fb577ba590'),('3ab9236b-bc95-49e3-a879-9aff70e8741d','f937208d-1f44-44ba-a0f3-53fb577ba590'),('3f450978-e31f-4d90-9b1a-bfe1f1b31cdd','f937208d-1f44-44ba-a0f3-53fb577ba590'),('47fd37bf-a4bd-4fd0-9102-3de59979bbff','f937208d-1f44-44ba-a0f3-53fb577ba590'),('4901658e-d829-4a52-8364-be432fd15674','f937208d-1f44-44ba-a0f3-53fb577ba590'),('4ada493d-5345-49fa-bd31-604e78cf6fd8','f937208d-1f44-44ba-a0f3-53fb577ba590'),('531c1ecd-1d2c-49be-a01f-8dcdd4395099','f937208d-1f44-44ba-a0f3-53fb577ba590'),('551234b9-9037-4c02-b387-78156c9df240','f937208d-1f44-44ba-a0f3-53fb577ba590'),('55d900d7-1c60-4e57-9b37-7d31284f9062','f937208d-1f44-44ba-a0f3-53fb577ba590'),('6d10da30-17c2-4e5e-a85e-38c5c97a83fa','f937208d-1f44-44ba-a0f3-53fb577ba590'),('7099a3a7-bd02-4fcd-b032-522cd6d4c1d5','f937208d-1f44-44ba-a0f3-53fb577ba590'),('7a9fa8f3-414d-4847-899e-1b623919a04c','f937208d-1f44-44ba-a0f3-53fb577ba590'),('90c7f296-fd26-4906-8109-a916573c3858','f937208d-1f44-44ba-a0f3-53fb577ba590'),('b35ef468-8b4d-41e6-a650-1e438e704560','f937208d-1f44-44ba-a0f3-53fb577ba590'),('b67bbb3a-d13a-4b4b-8867-8cbc11a5503b','f937208d-1f44-44ba-a0f3-53fb577ba590'),('be04d7cc-e756-4cc5-98ef-a1168685cb20','f937208d-1f44-44ba-a0f3-53fb577ba590'),('be235b5a-5f47-47fc-bc3b-40b34e1878ef','f937208d-1f44-44ba-a0f3-53fb577ba590'),('c2eeb99c-9433-481b-bd5f-0738665325c9','f937208d-1f44-44ba-a0f3-53fb577ba590'),('cedf3213-123e-4926-9a80-320840d2f2f6','f937208d-1f44-44ba-a0f3-53fb577ba590'),('daf03153-bb96-445b-8cb4-a5e9fee82b67','f937208d-1f44-44ba-a0f3-53fb577ba590'),('e24279d9-569a-4130-80d1-7b70df85d5b4','f937208d-1f44-44ba-a0f3-53fb577ba590'),('e881339e-d2a7-496f-8886-780a9b0e62e1','f937208d-1f44-44ba-a0f3-53fb577ba590'),('f0c06507-42eb-4e00-bbeb-a29354f83f61','f937208d-1f44-44ba-a0f3-53fb577ba590'),('f3900c90-42f0-4a26-9112-67034d82e434','f937208d-1f44-44ba-a0f3-53fb577ba590'),('f7b1cea7-1bf0-42e6-9aab-ef9de801e6b3','f937208d-1f44-44ba-a0f3-53fb577ba590'),('fcc5b064-93f8-4290-a374-92b90f2da038','f937208d-1f44-44ba-a0f3-53fb577ba590');
/*!40000 ALTER TABLE `movie_genres` ENABLE KEYS */;
UNLOCK TABLES;

--
-- Table structure for table `movies`
--

DROP TABLE IF EXISTS `movies`;
/*!40101 SET @saved_cs_client     = @@character_set_client */;
/*!50503 SET character_set_client = utf8mb4 */;
CREATE TABLE `movies` (
  `id` char(36) NOT NULL,
  `title` varchar(255) NOT NULL,
  `year` int NOT NULL,
  `rated` varchar(10) DEFAULT NULL,
  PRIMARY KEY (`id`),
  CONSTRAINT `movies_chk_1` CHECK ((`year` between 1850 and 2200))
) ENGINE=InnoDB DEFAULT CHARSET=utf8mb4 COLLATE=utf8mb4_0900_ai_ci;
/*!40101 SET character_set_client = @saved_cs_client */;

--
-- Dumping data for table `movies`
--

LOCK TABLES `movies` WRITE;
/*!40000 ALTER TABLE `movies` DISABLE KEYS */;
INSERT INTO `movies` VALUES ('0089b820-f3c4-4fb5-925d-12d5e67139e5','Seven Samurai',1954,'NR'),('018f96cf-c1dc-4f98-b654-aa3f0a6a21b8','True Grit',2010,'PG-13'),('02307e4b-1c1c-4ae1-9a9c-bbcd9182e560','The Big Picture',1989,'PG-13'),('024e55c3-d172-431b-8346-91f878e2d806','The Unbearable Weight of Massive Talent',2022,'R'),('029fc3e1-4373-4362-a1f1-3fc1b763d747','This is the End',2013,'R'),('03b1f8b6-c0d6-4f17-ad0b-7f1937bf8cd1','Die Hard',1988,'R'),('0403e525-4c93-4008-ad2f-3fcfc0889df8','Raging Bull',1980,'R'),('041157ed-66ec-4fbc-9562-70d7d5bbe2c9','Tangled',2010,'PG'),('04248f51-4eac-487e-ae04-84089ff12a2a','Reservoir Dogs',1992,'R'),('043ff3b8-4d70-4230-bef7-b2b4561a3d0a','Five Nights at Freddy\'s',2023,'PG-13'),('07568787-44e2-4d17-b67d-8bd2dcb62e58','Hook',1991,'PG'),('07db79d5-11eb-43d1-b204-66695fe0ea24','The Place Beyond the Pines',2012,'R'),('08368c26-2ad1-451c-9a3b-fb4b938b9041','Gone in 60 Seconds',2000,'PG-13'),('087b4aa5-beb5-45b7-a885-d0aef0153bbb','Footloose',1984,'PG'),('098db922-a52c-40ce-b4e6-0e3a014c468a','The F Word',2013,'PG-13'),('09ee70b0-8728-4be3-bce6-16655c6d332a','Anger Management',2003,'PG-13'),('0a802ab0-9ddb-4a06-9f84-e5d18e6b1cc4','Bridget Jones\'s Diary',2001,'R'),('0bc0c575-41e7-405b-bc5f-a738f915069c','When Harry Met Sally',1989,'R'),('0cb6c3a9-156d-4867-8a08-bb511bea3ff0','Love & Other Drugs',2010,'R'),('0d253c96-f77c-4e1f-865f-0e704794dfc1','Peggy Sue Got Married',1986,'PG-13'),('0d468086-2a6e-4317-9ef4-6765019b85e2','Cars 2',2011,'PG'),('0e723d2e-704f-4b8e-8947-448b487e2601','American Psycho',2000,'R'),('0e771223-aed6-4354-a359-d0869c3e68cc','Blow',2001,'R'),('0ef0d8de-df4f-4181-8511-57c8fe329a65','Crouching Tiger, Hidden Dragon',2000,'PG-13'),('0f49e45e-06fe-431b-9aa8-b7adb82b7708','The Way Back',2010,'PG-13'),('1080c13a-c470-4ac3-a693-5418557feccd','28 Days Later',2002,'R'),('1197b261-3271-4767-be41-4ed2cb8ea422','I, Robot',2004,'PG-13'),('11c9574a-0cdc-453f-b16d-6da13a3c8872','Mean Girls',2004,'PG-13'),('12438e8c-5069-4c61-bd90-5945b8841877','The  Martian',2015,'PG-13'),('12642337-588f-4dfe-8f4f-adfbbb3da9dc','American Hustle',2013,'R'),('127bf6fb-d74b-466f-a3f3-97b4796256f1','Kicking & Screaming',2005,'PG'),('13b300ee-1c46-494f-a0e0-7e0e02691340','The Life Aquatic with Steve Zissou',2004,'R'),('14250bb4-b8bd-4498-b9cb-de118aaadc48','Scarface',1983,'R'),('148799d5-c8dd-4fbf-bfb2-281374843f7a','Hustle',2022,'R'),('14bee2a1-5e24-45ec-a0dd-326b77883ae6','The Terminator',1984,'R'),('15432154-bc22-4bf4-9c1c-6526f32962b4','King Kong',1933,'U'),('15591be6-5c8f-4448-a031-779209ccd662','Talladega Nights: The Ballad of Ricky Bobby',2006,'PG-13'),('15c8c5fe-6222-433d-9776-b2318fed70fc','Invincible',2006,'PG'),('1764065b-0cbb-41f5-9ef7-38ebf034df17','The Abyss',1989,'PG-13'),('1767a661-ca30-4698-b01f-1776f2e45418','Donnie Darko',2001,'R'),('18180a75-1dce-43fb-8100-e8e158366716','The Day After Tomorrow',2004,'PG-13'),('18199342-d647-4b09-a17b-312e3681252a','Hardcore Henry',2015,'R'),('18f0d421-0468-41d3-a430-437f3affe6d9','Forever Young',1992,'PG'),('193b477b-05ed-4bd7-be21-5d7942392280','Stripes',1981,'R'),('19706164-7b2d-4ce8-b204-c7b202f341ac','Romancing the Stone',1984,'PG'),('1a4662c5-dbbf-49a8-8240-d9d4f9a43b88','The Truman Show',1998,'PG'),('1b03b8d0-fee8-4b67-8d72-6a4380c4b815','The Lion King',1994,'PG'),('1c2f646e-7418-4f19-8ce0-547ef80f5264','Scott Pilgrim vs. the World',2010,'R'),('1cb4853f-6762-4a0a-8078-3660ed114477','Sleepless in Seattle',1993,'PG'),('1d372c2c-d1d7-4561-98d6-2a3084c9afc3','Fargo',1996,'R'),('1d725bc6-285c-4dcd-9816-1676d4873cc0','The Pursuit of Happyness',2006,'PG-13'),('1d98698c-f5cc-4003-83b7-3fb8edd607e1','Alice in Wonderland',2010,'PG'),('1e064d6f-eeb6-4457-9ef8-799658438bfc','The Big Short',2015,'R'),('1f1c2785-62f6-4a78-a650-82ae4df86645','Independence Day',1996,'PG-13'),('1fa2d168-1568-403b-851e-ea7dcdbf1b8d','Scary Movie 2',2001,'R'),('1fedd580-01f6-40c1-a34b-c1d5dc52cd53','The Revenant',2015,'R'),('1ffe7552-6240-4ba7-abe5-b0aee15bf5d0','City of Angels',1998,'PG-13'),('22a3e3af-8785-4ff1-aa29-cca63bffb272','Oppenheimer',2023,'R'),('2360cb3c-bc87-4907-9c00-f8fe078b5978','American History X',1998,'R'),('239284e4-ed01-4730-9807-75a477305926','Fun with Dick and Jane',2005,'PG-13'),('24493183-83aa-498e-9489-354c9291eaf3','Fast Times at Ridgemont High',1982,'R'),('24cf6dbf-3252-44e6-9700-4bc4a610f970','The Magnificent 7',2016,'PG-13'),('24d83bbd-70e3-46d3-8d35-4263ccd21cf1','Terminator: Dark Fate',2019,'R'),('25cef7ac-0a89-4ecf-9e31-12d8846aec08','Frankenstein',1931,'U'),('25f1d307-58d1-47cd-901a-efbd0011265f','Goon',2011,'R'),('277dc616-74dc-4892-a454-38cbf9a1ab6d','The Lord of the Rings: The Return of the King',2003,'PG-13'),('27d12f2b-6866-4bec-a039-84eb7e9a5db9','Good Will Hunting',1997,'R'),('2820f1bc-13d6-42d4-b3ec-2cadcbe30081','The Good, the Bad and the Ugly',1966,'R'),('290403a0-110a-424a-b50d-b45a565ad573','Poor Things',2023,'R'),('293c87ed-8e19-4403-97d8-698bb7ecc950','Scary Movie',2000,'R'),('29ad681d-977e-44d8-84a2-80bcb2786cd3','Ghost Rider',2007,'PG-13'),('2b2410f2-8f50-4d29-82c3-2a428baa5a42','Spaceballs',1987,'PG'),('2b516088-e2f2-44c5-b1b7-15275214b6f1','There Will be Blood',2007,'R'),('2c1d3b24-1de0-4264-95f2-4288bb5ec60b','Gravity',2013,'PG-13'),('2c28f067-62b0-44e1-8add-7bc35ded6e80','Silver Linings Playbook',2012,'R'),('2c699c70-cd5a-4633-8687-58e62fdda6ab','Kill Bill: Volume 1',2003,'R'),('2ce11d98-6dd0-40b6-807f-e37c0c67e647','21 Jump Street',2012,'R'),('2cfde816-b001-428f-b469-fbd264df9f81','Grown Ups',2010,'PG-13'),('2d1107a3-d69b-489f-bbd1-23cc1d51b67e','Drinking Buddies',2013,'R'),('2db9d717-5c77-4cef-b362-efc5db8ecbb0','The Hunter',2011,'R'),('2dd9a3f3-6c6e-486d-ae4d-11b689e6f7cd','Kate & Leopold ',2001,'PG-13'),('2e2372b2-df1b-4704-809f-7e0590bc6afe','Blast from the Past',1999,'PG-13'),('2ee841da-30ac-4e56-bca6-3dc319eeae8e','Twilight',2008,'PG-13'),('2efb669a-8381-4c0f-bb62-91e0778264da','Spider-Man 2',2004,'PG-13'),('2f199af4-b617-4e07-938f-661ca15067ba','The Count of Monte Cristo',2002,'PG-13'),('2f4b0435-05eb-4bde-82ef-c23863768fe5','Harry Potter and the Chamber of Secrets',2002,'PG'),('3012f006-1b23-43a2-af27-94510c0d1b48','Caddyshack',1980,'R'),('307244b6-0421-4584-9bb8-654aa0dba0cf','Shaun of the Dead',2004,'R'),('30f253e5-f120-409a-863a-dbc21cfc6fea','Spiderman',2002,'PG-13'),('31211788-efd1-4d70-8113-16573650ea3d','Home Alone',1990,'PG'),('312bbd4b-75ba-42cd-99b4-472031bfb8f5','Next',2007,'PG-13'),('318682a8-e9f2-49ca-80ae-66a75155baed','Stand by Me',1986,'R'),('31a4c548-1fc7-492b-97f8-388d6cd181c6','Unbreakable',2000,'PG-13'),('3209f8b7-6553-40b8-86dd-d24a3feaacd0','The Wizard of Oz',1939,'G'),('33b7d2e5-327f-4585-8a05-4845b2eda490','Moneyball',2011,'PG-13'),('341eb6df-11f5-41ec-a3d3-eb8430121f90','Meet the Fockers',2004,'PG-13'),('343c3fc9-1ee0-46e2-b943-dc498eeb291d','National Lampoon\'s Animal House',1978,'R'),('3440688b-2706-458e-892f-82219e3199a6','Pan\'s Labrynth',2006,'R'),('347cb62f-b0be-4e40-9e36-150d8344ed79','The Girl with the Dragon Tattoo',2011,'R'),('36363b6d-19e2-44fe-972d-2275b0511b79','The King\'s Speech',2010,'R'),('36967069-1291-4fdb-a968-2ec156ee3cb2','The Village',2004,'PG-13'),('36fdab18-dbd9-4b2a-a6ce-64fac8df6ded','Goldfinger',1964,'PG'),('371a4cb9-dc48-46d7-aead-9121c039c933','They Came Together',2014,'R'),('375ea164-efc3-4344-a919-d6b676851019','West Side Story',1961,'U'),('38b8fef2-9799-4523-9a86-24055b38fc86','RoboCop',1987,'R'),('38df2494-b1fd-4b08-aff3-91bf4f4fe493','The Cutting Edge',1992,'PG'),('3a85d390-e5da-4e76-8a4d-371f67a47698','Across the Universe',2007,'PG-13'),('3aabedfb-c19c-4654-ad07-c657209ed7f2','Oceans Eleven',2001,'PG-13'),('3ab9236b-bc95-49e3-a879-9aff70e8741d','Alien',1979,'R'),('3b375ed6-4546-47d3-a648-d56635ec812b','School of Rock',2003,'PG-13'),('3c627cc2-1147-4f32-a08a-8aed92916eba','Defending Your Life',1991,'PG'),('3c86317a-c94d-4c61-8e72-5df52aa00e83','Minority Report',2002,'PG-13'),('3d81e9c8-d147-4430-b728-75b0064817ad','Vice',2018,'R'),('3dd378ac-8040-4005-b06f-e9fe8f0c542c','Say Anything',1989,'PG-13'),('3e1a11a4-ff09-41d6-856c-54d783dea11e','Knowing',2009,'PG-13'),('3e55aa2e-c301-4af1-900e-f51bf1f727a8','The Goonies',1985,'PG'),('3e9f25ca-ea70-4f46-9954-5204d9f0f308','Middle of Nowhere',2008,'R'),('3f03f179-68eb-4837-b09a-2354329d9a87','The Green Mile',1999,'R'),('3f450978-e31f-4d90-9b1a-bfe1f1b31cdd','The Purge',2013,'R'),('3f616954-7d7b-4291-804f-cc95ee8c430b','Napoleon Dynamite',2004,'PG'),('3fb06567-1613-4dde-9bbb-3aa5fdc0eaeb','How to Lose a Guy in 10 Days',2003,'PG-13'),('40175450-855b-482e-9aa0-eaab657ab4d4','Sex Tape',2014,'R'),('401d0bfd-4514-4dea-9b57-3755ea34845d','The Shawshank Redemption',1994,'R'),('4135c07b-993b-4a4c-b1ed-567ed35f11d2','Amadeus',1984,'PG'),('42073fd8-9c5c-43d4-8bd3-1f38fee59e7a','The Prestige',2006,'PG-13'),('425c0280-b56a-4b85-aaa4-48a544408e43','Air Force One',1997,'R'),('43d9d12f-1576-4b6d-8edd-575259740e9c','Midnight in Paris',2011,'PG-13'),('43eac8b5-a216-4147-beaa-d98a5036acbb','2012',2009,'PG-13'),('4511e7a0-5704-4a84-b939-06fdf2d27a0d','The Godfather',1972,'R'),('455b478e-f6c1-4c83-8002-adb76bd0078c','The Island',2005,'PG-13'),('456bd86e-79b9-4678-be4b-65521a8fafbb','Click',2006,'PG-13'),('45e5d6a1-6a40-4a24-a4dc-d2d269b73f86','Zoolander',2001,'PG-13'),('4684ceb8-cb41-4494-a6ac-684b36687130','Neighbors',2014,'R'),('46945fc7-d748-4877-8d2c-51cc2163f25d','The Incredibles',2004,'PG'),('46ccbe7f-7b2a-4da5-b1d4-b81194c36033','The Book of Eli',2010,'R'),('474f9896-dae6-4bde-af01-e4fc5c83079a','Gangs of New York',2002,'R'),('478cd728-6e97-4609-95ca-43f4163ea672','Cars 3',2017,'PG'),('47fd37bf-a4bd-4fd0-9102-3de59979bbff','The Haunted Mansion',2003,'PG'),('48e95116-0bb0-4b77-aaea-faff1b822836','It\'s a Wonderful Life',1946,'PG'),('4901658e-d829-4a52-8364-be432fd15674','The Others',2001,'PG-13'),('491c8157-a62f-4d10-a237-9d4f808b006e','Thirteen Lives',2022,'PG-13'),('495ff831-db11-4e20-ab38-489d5909f5c7','Casablanca',1946,'PG'),('4ada493d-5345-49fa-bd31-604e78cf6fd8','I Am Legend',2007,'PG-13'),('4b03a97e-91ce-45b2-82a2-210048917943','The Manchurian Candidate',2004,'R'),('4bb91a50-47e6-405d-b074-dfe647ba4e2c','Days of Heaven',1978,'PG'),('4c1abc88-e21b-4489-9199-afc35508f880','Cocoon',1985,'PG-13'),('4d44e245-e57e-4616-82c8-f83ec1760a40','Clueless',1995,'PG-13'),('4d7e8140-0d41-4ec8-80df-7f567a8a0521','One Hundred and One Dalmations',1966,'PG'),('4dce2a04-50c8-4064-987a-619493b0d6e0','Crocodile Dundee',1986,'PG-13'),('4f5b7291-a832-49fd-8a91-fdb257aab1ce','Cinderella Man',2005,'PG-13'),('4fbcae57-f2ae-42bd-a4b7-5b692c72e150','Dirty Grandpa',2016,'R'),('4fe973a5-5aef-47ce-86fe-586741fd7c3c','Chinatown',1974,'R'),('502e53c3-fca7-4d3d-ab05-65768ed93204','Flight',2012,'R'),('515166ef-6e45-4c0b-ae0a-9a0feafc8001','Nightcrawler',2014,'R'),('5188cb93-1bd1-4057-921a-45c801097fb7','Blade Runner',1982,'R'),('519ebe91-641c-48cd-907a-4944c9e9033f','The Last of the Mohicans',1992,'R'),('525c78f3-9e69-4b19-8903-b79a24a4c1c8','The Hangover Part 2',2011,'R'),('525e43c5-cae6-45dc-ae78-03f0dc3574ab','An Officer and a Gentleman',1982,'R'),('527f46ac-c354-4978-a977-5fd1c68788f1','The Usual Suspects',1995,'R'),('531c1ecd-1d2c-49be-a01f-8dcdd4395099','The Blob',1958,'NR'),('5374a8c4-e973-4a66-97f9-8e079489614b','Edward Scissorhands',1990,'PG-13'),('543f93b3-3f20-438f-b046-96231171c3c5','Uncut Gems',2019,'R'),('546aea58-c035-4652-a40d-377cf59f5f92','One Flew Over the Cuckoo\'s Nest',1974,'R'),('551234b9-9037-4c02-b387-78156c9df240','Ex Machina',2014,'R'),('55d574f7-1d03-4629-87e6-8ef23177fa78','Sixteen Candles',1984,'PG'),('55d900d7-1c60-4e57-9b37-7d31284f9062','The Shining',1980,'R'),('5652e327-177f-4b15-835d-42fd40b02dcc','Chocolat',2000,'PG-13'),('590475e4-49e0-4de8-bc5e-f4f3516327df','The Hitchhiker\'s Guide to the Galaxy',2005,'PG'),('59f734cd-7d33-4038-81e7-73f90a6c67b0','Zodiac',2007,'R'),('59ff58af-b0b6-4011-9814-303214a5e279','Good Luck Chuck',2007,'R'),('5a7cc041-557c-413e-87b1-abbcd5da7283','National Treasure',2004,'PG'),('5b62f324-094d-4145-8a04-6d52c088e46b','Air',2023,'R'),('5ba3bb65-cc15-466f-9c6d-f6e5eb2dee8f','Galaxy Quest',1999,'PG'),('5c03d350-1a38-44d4-980b-bbe44591d16a','Wayne\'s World',1992,'PG-13'),('5c14aa07-e739-4826-831c-010bd03558bf','The Highwaymen',2019,'R'),('5c816042-ddff-49c7-aae8-59e139623bcc','On the Waterfront',1954,'U'),('5d515eb9-7db5-45cf-90ab-39b8f38303eb','A Knight\'s Tale',2001,'PG-13'),('5ec46f16-45c7-4718-a39d-5f07c69b6791','Nick & Norah\'s Infinite Playist',2008,'PG-13'),('5f02001b-01ff-408c-aae8-4e3740c62f13','Snowpiercer',2013,'R'),('5f732fd7-2939-496c-8155-2bbf3090fd3f','Harry Potter and the Sorcerer\'s Stone',2001,'PG'),('5ff7f16d-7845-428b-9b82-3d9cd1d7008c','The Mummy',1999,'PG-13'),('60442c97-07f8-492b-8bf1-2fedbc6834a1','A Few Good Men',1992,'R'),('6091b754-211d-4fac-a4a0-8d744ce89eec','Willy Wonka & the Chocolate Factory',1971,'G'),('60de47c2-ea8a-4fff-b204-195d5839e3b1','The French Dispatch',2021,'R'),('6215cf36-159e-4220-8cd8-66c2eb26deec','Ford v Ferrari',2019,'PG-13'),('62690bbb-30cd-44b2-a9ff-9364d43b9777','V for Vendetta',2005,'R'),('636e558c-5245-4f1d-9343-4ede3a3c7bf8','Breakfast at Tiffan\'s',1961,'G'),('63e74957-9467-4665-9be2-faa13442d7e7','A Walk to Remember',2002,'PG'),('649c32ad-9e5a-4096-bd5b-d51d0a97f9c4','Casino',1995,'R'),('65974039-aab3-4b66-a3f5-d6dc1e058b27','Gladiator',2000,'R'),('65bb7c30-3656-4ef8-8580-f50707eeea44','Zootopia',2016,'PG'),('65e075ba-324d-4292-8fd4-987e4dfa2f85','Training Day',2001,'R'),('661cbe6a-6a94-4083-b609-36351f2d4536','Forrest Gump',1994,'PG-13'),('66a73a0d-08c6-4404-9e1f-aad1fcab1b94','The Machinist',2004,'R'),('6738c9a6-e3a0-4ee9-ac2a-bee23f85c242','Her',2013,'R'),('67c2e248-f9bc-4e19-9be6-0b4b46a7f16c','Something\'s Gotta Give',2003,'PG-13'),('68119b6b-27a3-44d2-9907-d47e931f5bb9','Ted',2012,'R'),('6945295b-c84e-4bfe-b9f3-8e9a50f74fd5','Slaughter High',1986,'R'),('697fcae1-5750-474f-87c7-2461a2555e97','Pretty Woman',1990,'R'),('69fea2c4-70ef-43f4-889b-90e38c17c7f0','The Wolf of Wall Street',2013,'R'),('6b48ae96-af3e-4288-9d9d-b3f7f2c5de49','Inception',2010,'PG-13'),('6b5d4cb9-b919-40ec-8fd8-aef0aad2b9a8','GoldenEye',1995,'PG-13'),('6cf868f4-8f40-4821-9968-1fa3b0d05477','A Clockwork Orange',1971,'R'),('6cff8b07-07cd-4614-9257-76c99258f02e','Network',1976,'R'),('6d10da30-17c2-4e5e-a85e-38c5c97a83fa','Coraline',2009,'PG'),('6d135b57-5970-443d-aecf-53f77a1141ea','Big Daddy',1999,'PG-13'),('6d8427eb-38f8-40c6-acd9-5546ce1e85d5','Ghost',1990,'PG-13'),('6db82cde-52e6-44d3-bea4-27e0b19f6e44','Meet Joe Black',1998,'PG-13'),('6dc22fd0-0ab4-474e-a7f7-d142ffafec70','The Pianist',2002,'R'),('6e7786ea-81c3-400b-8eca-567f8a97b9d6','The Incredibles 2',2018,'PG'),('6f1d0d2f-40cb-40ae-ad76-4eb71f7e052a','Top Gun',1986,'PG'),('7003c087-78f9-4d07-86f3-82d53506c520','The Matrix',1999,'R'),('7017aa7f-f89b-4a15-a702-793dd86423b1','The Patriot',2000,'R'),('702d4282-a3e0-46af-8393-3ad3627a135a','America\'s Sweethearts',2001,'PG-13'),('7099a3a7-bd02-4fcd-b032-522cd6d4c1d5','IT',2017,'R'),('70d273b5-2b11-485e-9cff-8491ed3b67e5','Moonlight',2016,'R'),('711c20bf-4b00-4016-909e-1ae01f0c207b','Euro Trip',2004,'R'),('720c76e0-835f-4753-94de-e219074ffd12','Ferris Bueller\'s Day Off',1986,'PG-13'),('735acc20-5477-4037-8b06-11825fe0e233','The Hangover',2009,'R'),('73c3e5eb-a6e2-40c8-97cb-1d8ad0b08e16','Dodgeball: A True Underdog Story',2004,'PG-13'),('740d5bb3-4f3b-46b9-b099-b811ce0c750c','Jurassic Park',1993,'PG-13'),('745fe48c-d314-4d9f-93b5-589822f1d3f9','The Planet of the Apes',1968,'G'),('7479de76-3a8d-4edd-a036-9feece11c991','Titanic',1997,'PG-13'),('747abb8e-5c82-4c1f-9cc5-ed898bf26b1d','Red',2010,'PG-13'),('74ab1f27-128d-4a3e-9130-544807834dac','Casino Royale',2007,'PG-13'),('762e8523-03d5-4d2e-bd58-0cbbf8ce0548','The Super Mario Bros. Movie',2023,'PG'),('76588495-5741-436e-95ac-31b6691beafb','James and the Giant Peach',1996,'G'),('7660a475-ee4e-49b8-b30a-1d7641ceac24','World War Z',2013,'PG-13'),('76c45c83-d23f-43fc-aa9c-87c29d1960d8','Requiem for a Dream',2000,'R'),('775da92a-7d57-4774-b005-d4692ed69316','Legally Blonde',2001,'PG-13'),('778c3317-e6b5-4928-8373-bb7d5715a8b2','Gone with the Wind',1939,'G'),('782ed63a-1356-49f2-84fd-e5e482d85b27','Freaky Friday',2003,'PG-13'),('785b2746-cd84-47d1-a01b-06851534b161','Little Miss Sunshine',2006,'R'),('78a79115-ec26-4827-ad28-1a0631e270ee','Poolhall Junkies',2002,'R'),('798d43e0-e3d0-48df-99f1-a9f46407c1a0','The Good Girl',2002,'R'),('79e7a946-5d0f-4f32-b7b8-4f7522f5af90','Indianna Jones and the Temple of Doom',1984,'PG'),('79f38c71-bbc0-4302-b1a8-ddf7b0dc5501','What\'s Eating Gilbert Grape',1993,'PG-13'),('7a9fa8f3-414d-4847-899e-1b623919a04c','Smile',2022,'R'),('7ad0126d-6070-433b-860f-2dd4492e0502','Thank You for Smoking',2005,'R'),('7b361a52-d5dc-4a59-bd1b-2641d08d0fe5','Yes Man',2008,'PG-13'),('7b9e61cc-737b-4e72-8fef-69bd520de032','There\'s Something About Mary',1998,'R'),('7cb94354-fb38-40d3-b1d3-acb6cb72e46f','This is Spinal Tap',1984,'R'),('7d479645-3de9-466a-a1db-d09fa9a70973','Just Friends',2005,'PG-13'),('7d656135-5e56-4553-a554-6b3627bc83bc','Cars',2006,'PG'),('7dd42bf3-f9ed-415b-aca1-f17b16d0766b','Twisters',2024,'PG-13'),('7e15e6af-d88f-4149-ad90-06dad4584f63','Star Wars: Episode V - The Empire Strikes Back',1980,'PG'),('7e4bb113-d759-412d-b79f-4f5330b42f34','Field of Dreams',1989,'PG'),('7f8e0cee-2e2c-48e1-b0f0-87dd059a89d8','Seven Psychopaths',2012,'R'),('8097a851-3d17-4db1-ae60-a945b9c443f8','Deep Impact',1998,'PG-13'),('809f782b-18ae-4f02-a750-7b1f2374afb8','Mary Poppins',1964,'G'),('81444335-f96c-4152-b650-196459b73ae9','Ghosts of Girlfriends Past',2009,'PG-13'),('825d6f2a-a9bf-4224-9652-d016866daf03','What\'s Your Number?',2011,'R'),('82b36986-b948-4baa-8a79-ef53a7a84a6d','Luca',2021,'PG'),('83139261-d526-4116-9092-7b492ce4bd8f','Pretty in Pink',1986,'PG-13'),('8431cc4b-4263-4e31-8173-3b71d46042c8','Kingsman: Secret Service',2014,'R'),('847aea6e-4f52-4d83-b01c-6e997cf9e3c1','Arrival',2016,'PG-13'),('84efafb2-b2f5-4fa2-be4e-d90e96a6dbcb','Contact',1997,'PG'),('85032c61-8537-4b73-8ea8-788845a1683a','The Big Hit',1998,'R'),('850d8c3e-220a-4539-9981-8f2d24716011','Raising Arizona',1987,'PG-13'),('861ad07a-65cd-42dc-a356-4e5297d1c22b','Whiplash',2014,'R'),('8674c393-706b-4667-80aa-3cad5d70229b','Hitch',2005,'PG-13'),('87550d55-bf3a-4f82-ac60-405bff7cd681','No Country for Old Men',2007,'R'),('89c1861e-f9d1-43ca-ab2f-31f6b2b0bceb','Bicentenial Man',1999,'PG'),('8aeb95b1-8661-4739-a35d-10ec65767104','Accepted',2006,'PG-13'),('8b4bfe59-2d16-46cb-b99c-759df2d06b50','Schindler\'s List',1993,'R'),('8b5b0bc7-6fdc-478f-bcc8-2747ba44ff03','Music and Lyrics',2007,'PG-13'),('8b7d0a84-0323-48ae-9e50-e3093aebece7','Wedding Crashers',2005,'R'),('8be6e367-7da4-42d4-8bb4-b0715b559fb7','Watchmen',2009,'R'),('8bebc5ad-7ef6-45df-8d08-f34e21be6a85','Sophie\'s Choice',1982,'R'),('8d141c06-cea1-459a-83ef-e55d8b634aa8','2001: A Space Odyssey',1968,'G'),('8d546e33-6ebb-4805-bbbe-6f42ea4698e7','City Slickers',1991,'PG-13'),('8d7df223-607e-4fc6-ba23-b39f21d9ab3d','The Lego Movie',2014,'PG'),('8e25c7c6-2291-4a78-8ef0-d50566deca35','Saving Private Ryan',1998,'R'),('8e41c573-7b7c-480b-bcf6-fa511ad2b92b','The Aviator',2004,'PG-13'),('8e542a35-1751-488a-b037-52ff8218f382','Blazing Saddles',1974,'R'),('8e73fc61-b886-472e-ac2f-59180634b905','Dunkirk',2017,'PG-13'),('8efd93fb-b131-469d-b8f6-b67155ad417f','Miss Congeniality',2000,'PG-13'),('9020f743-a538-4a74-a57d-1c3a7fd32d72','The Terminator 2: Judgement Day',1991,'R'),('9094a99c-2b90-4203-9cc6-d115dd099449','Breaking Away',1979,'PG'),('90c7f296-fd26-4906-8109-a916573c3858','Zombieland',2009,'R'),('91ea73cf-b7b7-4a47-9ff7-f3d8f0a01c7f','Liar Liar',1997,'PG-13'),('9269d97f-01e9-4706-8b93-d027e5c206b6','Full Metal Jacket',1987,'R'),('92a21c22-9169-4089-9928-66f7f59c0c7b','Goodfellas',1990,'R'),('93ac36d2-46a2-4eea-9c75-e6a83e7a1943','Grown Ups 2',2013,'PG-13'),('93ad2fe9-8f2f-4f9f-8fa4-bb56ec493c4a','A Beautiful Mind',2001,'PG-13'),('94845df2-550e-44b0-b26b-874584c1c5de','Hairspray',2007,'PG'),('94a703f7-61dc-49a2-be70-66a1dc8adbd9','Dead Poets Society',1989,'PG'),('965b2a37-708e-4b6f-aa36-81351b3315c7','Baby Driver',2017,'R'),('9669d7a2-d4de-416a-8469-4902cb12dd1b','Rush Hour',1998,'PG-13'),('967e169c-f0c1-4277-8eb5-52f10527a6d5','3:10 to Yuma',2007,'R'),('96a5acc2-53bf-4f1e-b2e2-8abe92abbd04','Mona Lisa Smile',2003,'PG-13'),('971a76bc-1d26-41af-b668-1109500ba4ae','The Curious Case of Benjamin Button',2008,'PG-13'),('97603750-dec8-4fe8-afb3-e66b0e1a8694','Joker',2019,'R'),('9793ba0f-2be4-42bc-84c5-35ffe4a0548b','Old Schook',2003,'R'),('9799f738-5654-43e7-a0da-63fcacf35b89','Moonstruck',1987,'PG'),('9847767c-27d0-4d4f-a94f-203be6f3ffa4','Due Date',2010,'R'),('991173aa-8abb-4c8e-8a08-fcd8ca77abc4','The 40-Year-Old Virgin',2005,'R'),('99384507-ef7d-4552-9ccf-602b2cf8c9e7','Terminator Genisys',2015,'R'),('9ad1deb5-2527-4315-bde8-fccfe03ccfb7','Scream',1996,'R'),('9ad2a67f-b79f-48d8-a9c1-66a5b415ed0c','Forgetting Sarah Marshall',2008,'R'),('9cd04008-75c3-4eb4-b28c-383343f246d9','Moulin Rouge',2001,'PG-13'),('9d111bc8-b47a-4e1b-8a79-d533ff3c4a06','Hidalgo',2004,'PG-13'),('9d559df7-9ab9-4302-8856-ab12f4f4abaa','RV',2006,'PG'),('9de6df40-432b-4ab8-829f-69359d01a8ce','The Science of Sleep',2006,'R'),('9e7f98b7-655f-4744-8c33-1d35dd5997c1','Falling Down',1993,'R'),('9f5d849d-3127-4d9d-8522-7e5995afa0d5','Free Guy',2013,'PG-13'),('9fa39f84-13c4-41aa-8c0c-adea6300b129','Raiders of the Lost Ark',1981,'PG'),('9fd11a50-ba67-4413-a2fc-7c0eb6c6c939','The Sound of Music',1965,'G'),('a10327b2-b84e-4349-b57e-79f01d2f21ca','1917',2019,'R'),('a10b0038-4e9b-46bd-9056-bbe76f845124','Two Weeks Notice',2002,'PG-13'),('a1e3075e-f2a2-4209-9ba7-8412c667423e','Holes',2003,'PG'),('a21e6a9f-a555-4819-863c-92f15bdf886d','Prisoners',2013,'R'),('a2202c65-28e5-497a-9aaf-132094e0c756','Into the Wild',2007,'R'),('a3c445c2-cfb5-4ed0-9703-39db97eccdd9','The Illusionist',2006,'PG-13'),('a5856843-42fd-4414-bc1c-debbfda3ae2b','Friends with Benefits',2011,'R'),('a61fbc9c-deea-4ac7-9394-242d864ba0e6','Hancock',2008,'PG-13'),('a6f4535c-5e6e-49b0-8b8b-d315572b516d','Black Hawk Down',2001,'R'),('a77faa5d-cb85-492f-8fa9-b9311df54a64','Dinner for Schmucks',2010,'PG-13'),('a7999bfc-aac8-450c-87ba-07137e2ff9e0','22 Jump Street',2014,'R'),('a8fcad38-4dd1-4d9b-9aec-8076fdced2a7','Black Sheep',1996,'PG-13'),('a9998b2c-0db0-4f9c-bd5c-8a2df8495ee8','Bruce Almighty',2003,'PG-13'),('a9abebfb-898f-47c0-8db1-92d29ea82bfc','Weird Science',1985,'PG-13'),('a9b2fa12-924d-4335-9ccb-2c395e95d274','Sully',2016,'PG-13'),('a9c43030-bc7a-4bc6-a376-3afb31cb27f1','300',2006,'R'),('aa0eddb9-331d-440c-9bd8-72f6e36c352b','The Social Network',2010,'PG-13'),('ac0c6fb5-77da-46fd-8409-0b6092239276','Bull Durham',1988,'R'),('ac4e01e8-3832-49d1-9007-0f945f25368f','Pearl Harbor',2001,'PG-13'),('acfa1cd3-dea3-4017-a8cb-80529b9d1c77','Spider-Man 3',2007,'PG-13'),('ad0f7d6a-30cf-44c9-b129-4154e6c11eff','Moon',2009,'R'),('ae2afe2b-3753-4842-ac68-3aa4dbb285c5','The Northman',2022,'R'),('ae50a9f0-cbb9-4719-a26d-2a3da1da16ce','Singn\' in the Rain',1952,'G'),('ae6fe68e-9201-4b99-bb80-3da83158522a','The Angry Birds Movie',2016,'PG'),('aefbd486-11cf-42bc-bdad-79b772bbcc1e','Enchanted',2007,'PG'),('af2b74a9-8e1c-4b09-9545-afe210984928','What Dreams may Come',1998,'PG-13'),('af7c222c-38ff-4586-8af6-bcec3c24d741','Speed',1994,'R'),('afe3b475-70f0-46a0-8bdd-a33a8fe13c79','The Princess Bride',1987,'PG-13'),('b077d3e6-9648-4f1d-80d0-ef122d5c8ab5','Superbad',2007,'R'),('b14327f9-4beb-42e7-9c6e-28a1c7d7a719','Interstellar',2014,'PG-13'),('b17a8c96-e03c-4378-9ba3-d7fdeba7ad64','Seeking a Friend for the End of the World',2012,'R'),('b1b65f24-6680-4acc-b74a-4df840e7f67b','The Irishman',2019,'R'),('b2a175df-1238-43ef-9b3d-1e447089f2e6','Man of the Year',2006,'PG-13'),('b35ef468-8b4d-41e6-a650-1e438e704560','War of the Worlds',2005,'PG-13'),('b3ed125e-09e0-4574-95a4-1133ae0596ff','Anchorman: The Legend of Ron Burgundy',2004,'PG-13'),('b3f0797f-9e9b-4312-b36f-81f3ab1c7c2c','Man on Fire',2004,'R'),('b4043d13-4777-4e86-b5b6-a14f86fcb06e','Major League',1989,'R'),('b50e9e17-5b28-4d6c-b958-56c044bd727c','The Hunger Games: The Ballad of Songbirds & Snakes',2023,'PG-13'),('b55447e5-0aa1-4012-9054-4e78ef3c4042','Brave Heart',1995,'R'),('b55559f1-f232-4b61-a553-50907c6bc9dc','Catch me if you can',2002,'PG-13'),('b570e0f3-f58a-462d-a5f8-74289dd62e46','Matilda',1996,'PG'),('b5854daf-6898-41d6-8d4c-5ed8a62685ce','Garden State',2004,'R'),('b587879d-7709-4a6e-8d62-7b1acf8767cc','Memento',2000,'R'),('b5fe74a0-a6a6-4df4-9b11-adcafbeb6daf','Charlie Bartlett',2007,'R'),('b612f5a9-b580-4e66-aa03-3cf6540ebc9f','E.T the Extra-Terrestrial',1982,'PG'),('b67bbb3a-d13a-4b4b-8867-8cbc11a5503b','The Exorcist',1973,'R'),('b75332d7-eb12-447f-941a-279c85c03bab','Ben-Hur',1959,'G'),('b7756116-5bf4-4bac-9796-d159d6280121','Stepbrothers',2008,'R'),('b863c142-2e0c-47f7-ae9c-022b0122a554','Taken',2008,'PG-13'),('b96ce512-c25f-4520-b225-8c653b50b0ef','Passengers',2016,'PG-13'),('b9ca3f88-321d-4255-8c73-c58a266179f7','Greyhound',2020,'PG-13'),('ba5daefc-6994-4ec9-9d4a-81a3e909b3d7','Sense and Sensibility',1995,'PG'),('ba7b09ae-f942-464b-87a2-d360c417024d','About Time',2013,'R'),('bac88727-cbe6-4703-bb87-683c1845ff8d','Gran Torino',2008,'R'),('baed5b15-d4ac-46fc-9e3e-8c87c524d967','Terminator Salvation',2009,'R'),('bb9b3e43-7928-4d0d-ba74-909794289585','The Nightmare Before Christmas',1993,'PG'),('bc0fd55a-663d-4cc7-adb3-6859aa4a9740','Ghostbusters',1984,'PG'),('bca82050-936a-4324-9934-aefdf7d743df','Gattaca',1997,'PG-13'),('be04d7cc-e756-4cc5-98ef-a1168685cb20','Get Out',2017,'R'),('be235b5a-5f47-47fc-bc3b-40b34e1878ef','Sleepy Hollow',1999,'R'),('bfaa992d-1f34-49b7-b5d4-91e709900f44','Neighbors 2: Sorority Rising',2016,'R'),('c0230a5b-5d80-4ee6-ba1d-c4cf0900f2ae','The Devil Wears Prada',2006,'PG-13'),('c0787645-631b-4001-9860-61cf5d7987e4','Dances with Wolves',1990,'PG-13'),('c098d40b-1129-4d80-a500-8c2ef04d9f87','Groundhog Day',1993,'PG'),('c0f07d31-3caa-4144-ac9c-47be8ea5768a','Don\'t Look Up',2021,'R'),('c11b1a85-ec79-488f-a1dc-311fb1f3f369','Knocked Up',2007,'R'),('c18fbfca-8f1b-4380-9fd3-21ae39cfbc11','We\'re the Millers',2013,'R'),('c1c99113-c8cf-48ca-91ac-8f7631da6758','The Road',2009,'R'),('c2eeb99c-9433-481b-bd5f-0738665325c9','The Evil Dead',1981,'NC-17'),('c30ec6d4-05b9-4c2b-b4ed-b199fb9f7687','Waiting...',2005,'R'),('c368f9fe-5a24-4e7a-aec1-3961bae963be','Benny & Joon',1993,'PG'),('c3e787eb-8cca-4dd6-8edb-58fad75f2b1e','The Angry Birds Movie 2',2019,'PG'),('c4339c90-696b-436a-949f-beac4e5d425a','The Game',1997,'R'),('c48934d3-c64e-447d-a1ad-ba57cd6c2390','What About Bob?',1991,'PG'),('c48c6b0f-a293-4837-b40e-e42d781e0474','Inglorious Basterds',2009,'R'),('c4e20c98-8976-407f-94df-8f5b5601f233','City of God',2002,'R'),('c50dd3b2-ee2d-4000-9649-a56e619f359b','Grandma\'s Boy',2006,'R'),('c6499208-db94-4906-8b39-f746c6a770ef','Dirty Dancing',1987,'PG-13'),('c7074f4c-fe31-4c72-af35-a1d31e378553','Cast Away',2000,'PG-13'),('c8a8df43-8292-4d5e-8881-3cde758b9e5b','Cheaper by the Dozen',2003,'PG'),('c8ad4419-5f2c-4874-9e35-5e2474111d98','The Italian Job',2003,'PG-13'),('ca6c863f-98b8-453d-876a-3f21b24993ad','Cool Hand Luke',1967,'PG'),('cafc762a-1035-48db-beaf-65b728cc287c','WALLE',2008,'PG'),('cc29f48f-fe0e-4ddd-b673-185c413a8619','Kick-Ass',2010,'R'),('cc436db8-4991-4dcb-9446-d2db97ede9d9','The Breakfast Club',1985,'R'),('cce5ffb0-cb9b-48e3-941d-435f104f0a59','Hoop Dreams',1994,'PG-13'),('cd12402d-b191-422d-8b3e-de95b345d5ca','End of Watch',2012,'R'),('cd1a2ab7-f841-4dc7-84b5-ec01a7aec4cc','Django',2012,'R'),('cd44440c-2171-4b6f-a44b-e13b3e935860','Apollo 13',1995,'PG'),('cd8de963-f1ca-44a0-8518-ac8ebd4f87cc','Defiance',2008,'R'),('cd957dfe-9c45-4495-aefb-a7954a9a5f00','The Three Musketeers',1993,'PG'),('cedf3213-123e-4926-9a80-320840d2f2f6','The Menu',2022,'R'),('cf0befb4-9b30-49cc-b7fa-73c144bd4e58','Contagion',2011,'PG-13'),('cfefb9c7-ba9d-4177-87e6-200d05720f19','Finding Neverland',2004,'PG'),('d01f3167-e7c0-4b66-a570-428d373b9215','National Treasure: Book of Secrets',2007,'PG'),('d0ca3000-63d8-403f-ba2b-3b8ff0f13c50','The Founder',2016,'PG-13'),('d0dd89f7-a63e-485d-a685-8a444275b189','The Big Lebowski',1998,'R'),('d165e117-c7ca-4235-abd4-1cf6b8e31df9','Dude, Where\'s My Car?',2000,'PG-13'),('d18a1914-a86e-45f5-82a5-fba8710ed728','Coneheads',1993,'PG'),('d283659c-166f-43f4-ae1d-3e5f8eb95d46','Ambulance',2022,'R'),('d299e31a-2e07-4538-8c79-3af18a2683a7','The Passion of the Chist',2004,'R'),('d325bb6d-1754-4569-a50c-1d2871872eb4','Blades of Glory',2007,'PG-13'),('d34db483-fadb-4729-81ff-8a83ceb9c41e','Horrible Bosses',2011,'R'),('d34ec59c-0167-4db1-9d16-e5456403935e','The Town',2010,'R'),('d3d96030-8b61-4277-b1b3-b857b0871d66','American Beauty',1999,'R'),('d52c3b68-2e71-4add-a074-a30008f3e17e','Taxi Driver',1976,'R'),('d58ec12c-bac8-4526-9699-2ed1e574b0ab','The Rock',1996,'R'),('d5e4948b-54ed-4549-a7b3-70a41df00299','Suicide Kings',1997,'R'),('d624b708-7600-43e2-b8a0-d06af3c3ffd0','Road House',2024,'R'),('d6b1f1e3-10c2-4745-97fb-6ef3a090d6e5','Outbreak',1995,'R'),('d77441ee-9acf-4299-a9aa-9a8e8e08afb9','Apocalypse Now',1979,'R'),('d8268fdc-54e2-4e76-9d55-0b71a6820452','Easy A',2010,'PG-13'),('d83c3b58-a9ff-4ad0-8797-bfacfb790e2f','50 First Dates',2004,'PG-13'),('d8e579cd-b5e6-4912-abaf-7cb63a1e8819','Bandits',2001,'PG-13'),('d9bacc13-6569-4844-b55f-b6abdde77435','Seabiscuit',2003,'PG-13'),('da59e20d-25de-413a-a3da-5ab526edab57','You\'ve got Mail',1998,'PG'),('daae5da3-aefd-4bc5-b715-b9a9bc122d57','Fantastic Mr Fox',2009,'PG'),('daf03153-bb96-445b-8cb4-a5e9fee82b67','The Woman in Black',2012,'PG-13'),('db442c19-4ea0-427d-85f7-ddf7ee13e44e','The Next Man',1976,'R'),('db96577c-bf17-4b54-be6b-acc8149a4c10','The Terminator 3: Rise of the Machines',2003,'R'),('dbad9be5-5a04-43dc-a5fa-9425cc00b4bf','Immitation Game',2014,'PG-13'),('dc0b3ea4-48fc-4efb-a67d-ab6dba27a354','Looper',2012,'R'),('dc41febc-ac96-4462-be39-dff19ddc4708','Monty Python and the Holy Grail',1975,'R'),('dca346fe-ae95-46d2-91f4-3adf74ef157b','Planes, Trains and Automobiles',1987,'R'),('dcdc7c37-a8a3-499c-bfbf-fbaf5c4f00ac','Steel Magnolias',1989,'PG'),('dd1c4484-3093-47c0-8a7e-0921f09fb308','Risky Business',1983,'R'),('dd688745-bb0c-4286-b3ff-3db07d53c6de','Juno',2007,'PG-13'),('dda7549b-8e6d-491a-ad44-b3d0f2c92964','While You Were Sleeping',1995,'PG'),('ddf35f7b-53aa-4e70-9e6d-035ed2c967fc','Mrs Doubtfire',1993,'PG-13'),('df12269a-f8ba-4401-a716-ffc978730f6d','La La Land',2016,'PG-13'),('dfd99c52-f04a-4891-8309-7d90c1392551','Leatherheads',2008,'PG-13'),('e05271e1-ae2b-4bbf-965b-244952dd0524','Airplane!',1980,'PG'),('e0e61534-df39-4519-8bac-108531e2767d','The Time Machine',2002,'PG-13'),('e160e16f-e64b-4cba-b5c1-f1c73ebbfb04','Dog Day Afternoon',1975,'R'),('e24279d9-569a-4130-80d1-7b70df85d5b4','Bird Box',2018,'R'),('e293ad9c-07e1-48bb-b554-e881ed1cd2e5','Mars Attacks!',1996,'PG-13'),('e2cd447b-6a13-48b4-8bd9-b89f83b030ab','Batman Begins',2005,'PG-13'),('e334d5ad-b017-4d7d-9a44-190bcf2bbeed','I Love You, Man',2009,'R'),('e345193b-4215-4356-bb3c-e5758abbbef4','Eternal Sunshine of the Spotless Mind',2004,'R'),('e365e8de-7c22-47d1-ab17-609d659cc731','Fight Club',1999,'R'),('e36a9b8e-1681-4990-8a05-1b321d751fbc','Suicide Squad',2016,'PG-13'),('e3ae9bd8-3bcb-4642-80d3-6079f6c6ab7a','Boogie Nights',1997,'R'),('e412314a-7010-4af9-b692-786d057ffda5','Oldboy',2003,'R'),('e4b54b28-448d-4276-8eb2-fbce4b7bd5d1','Mr. Deeds',2002,'PG-13'),('e65ff1d8-3590-465c-a0c7-3df774e99bfe','The Great Gatsby',2013,'PG-13'),('e6755bfb-ab84-4ee3-a19a-f83295c45544','Pulp Fiction',1994,'R'),('e769ca85-bb50-4422-8a42-4ea54fba7721','Three Amigos',1986,'PG'),('e7bdfe9c-fbfa-486e-9f20-e031745bc34f','Happy Gilmore',1996,'PG-13'),('e7e307de-911d-4db6-91ff-582cc40cb0a4','The Waterboy',1998,'PG-13'),('e83a72e3-88d8-4221-8eda-6a7fb38f974e','Seven Pounds',2008,'PG-13'),('e881339e-d2a7-496f-8886-780a9b0e62e1','The Silence of the Lambs',1991,'R'),('e90c13f3-d6fd-4e09-b68e-cf85ec461b98','Walk the Line',2005,'PG-13'),('e95ec8f5-b189-4ef4-892f-32236016ac69','Back to the Future',1985,'PG'),('ea5efa81-5f37-4586-b19b-b10c448a4432','Seven',1995,'R'),('eb38ada0-5b4a-4985-882f-ccc0a0b9b522','Moonlight Miles',2002,'PG-13'),('eb6b34aa-2f75-4eb9-90b2-6667a7c135db','The Hateful Eight',2015,'R'),('ebc0f9dd-1384-486f-810a-a3d9aa430c95','Employee of the Month',2006,'PG-13'),('ec6b2f96-53b0-481c-886d-731656e442e9','Transcendence',2014,'PG-13'),('ed50ba55-c199-4d7d-a983-9b33adbc94af','Big',1988,'PG'),('ed6c7c48-7474-4f7c-9200-4a2cd59f205b','Jarhead',2005,'R'),('ee8da05c-f98d-4e81-b50a-68e7e023863d','Gone Girl',2014,'R'),('eebd03bc-afa2-4a40-8c92-19cf72717e99','Trainspotting',1996,'R'),('efa37b1d-f3ee-4ec5-bb10-2ad5573595e5','Killers of the Flower Moon',2023,'R'),('efc94773-4453-4a3d-ac0a-bbf7a1cfe334','The Fugitive',1993,'R'),('f0826471-aa55-48a7-9969-c79425bb7806','Citizen Kane',1941,'G'),('f0953661-4294-44ea-a504-7c970814c176','Wet Hot American Summer',2001,'R'),('f0c06507-42eb-4e00-bbeb-a29354f83f61','Signs',2002,'PG-13'),('f2019e8c-dcdd-4727-8daf-5e24164bc646','Frequently Asked Questions About Time Travel',2009,'PG-13'),('f2e322c5-571c-4212-80f0-a44f454a5ed3','Harry Potter and the Prisoner of Azkaban',2004,'PG'),('f304cc2b-8422-4f30-8ac8-4d460edbaf58','Fried Green Tomatoes',2003,'PG-13'),('f3900c90-42f0-4a26-9112-67034d82e434','Godzilla',1985,'PG'),('f4accb8f-4278-4a4b-9b46-265ddd02136e','The Seven Year itch',1955,'U'),('f4af26f0-f6f2-420d-9e75-cbd13802dcfc','The Interview',2014,'R'),('f51ddffc-ceb2-4c2f-a26c-5b86da098fe7','Big Fish',2003,'PG-13'),('f593915b-ffcb-4108-b5c1-b5765012ac8c','Bridesmaids',2011,'R'),('f5a005b1-c93f-41f7-b9d0-96d5e174d747','21',2008,'PG-13'),('f5c3e25a-9f70-4181-9033-58aa579d89e2','A League of Their Own',1992,'PG'),('f5fa80a4-f5e8-4ccd-95d4-365ddfdad966','The Notebook',2004,'PG-13'),('f710b863-3de5-4038-88bb-ff5e8b7ef705','Eight Men Out',1988,'PG'),('f725ebf2-6621-41ec-8767-e404c38c7ec1','Eagle Eye',2008,'PG-13'),('f79fc6e5-8535-4849-b3d9-ef558737edc2','The Rocker',2008,'PG-13'),('f7b1cea7-1bf0-42e6-9aab-ef9de801e6b3','The Sixth Sense',1999,'PG-13'),('f7c4450b-6507-43f5-9135-2a6cdce079d9','The Departed',2006,'R'),('f8b17024-ff3d-40e9-bee0-72235e1f0bc1','Tropic Thunder',2008,'R'),('f93a8b71-49e1-4a3a-9a97-bb2c9a915c50','Jaws',1975,'PG'),('f9547156-dd20-461c-be23-9e644880750c','What If (The F Word)',2013,'PG-13'),('f9a5b61a-3854-4f87-ac49-629f072247d6','Sherlock Holmes',2009,'PG-13'),('f9ededf9-8c65-46b1-914d-d01c35e5561d','Sunset Boulevard',1950,'U'),('fa3c0c61-4c73-477b-823d-d0e2b1c2ca7e','Slapshot',1977,'R'),('faf10dab-0614-4824-9aea-459ce8d07920','The Wedding Singer',1998,'PG-13'),('fb1aa225-04d6-4826-bd7d-b22a2a991e6e','Be Kind Rewind',2008,'PG-13'),('fb21aacc-0b05-4d12-a223-ed04b154a9f6','The Graduate',1967,'PG'),('fc03e7ed-01c0-40ec-a7a3-c1bc79d00bc1','The Dark Knight',2008,'PG-13'),('fc1bf710-65c1-429e-a7a1-1268654e21af','Once Upon a Time in Hollywood',2019,'R'),('fc75bbed-f5a8-4a99-972a-b2d471f3b965','500 Days of Summer',2009,'PG-13'),('fcaf71ff-ec39-4ad6-9a1f-76d2abf65c01','Crazy, Stupid, Love',2011,'PG-13'),('fcc5b064-93f8-4290-a374-92b90f2da038','Psycho',1960,'R'),('fd52915d-917e-42fd-a344-3374136fb899','The End of the Tour',2015,'R'),('fdc7ec14-deec-4811-98be-20386c674768','Heat',1995,'R'),('ff83e2ec-6860-4c37-8ada-1cd717766933','Timeline',2003,'PG-13'),('ff876232-6bea-4061-9f3f-c6f09fb589c2','Knives Out',2019,'PG-13'),('ffde9470-ef82-41fa-acb0-20e1a116bdce','The Stepford Wives',2004,'PG-13');
/*!40000 ALTER TABLE `movies` ENABLE KEYS */;
UNLOCK TABLES;

--
-- Table structure for table `reviewers`
--

DROP TABLE IF EXISTS `reviewers`;
/*!40101 SET @saved_cs_client     = @@character_set_client */;
/*!50503 SET character_set_client = utf8mb4 */;
CREATE TABLE `reviewers` (
  `id` int NOT NULL AUTO_INCREMENT,
  `reviewer_name` varchar(255) NOT NULL,
  PRIMARY KEY (`id`)
) ENGINE=InnoDB AUTO_INCREMENT=3 DEFAULT CHARSET=utf8mb4 COLLATE=utf8mb4_0900_ai_ci;
/*!40101 SET character_set_client = @saved_cs_client */;

--
-- Dumping data for table `reviewers`
--

LOCK TABLES `reviewers` WRITE;
/*!40000 ALTER TABLE `reviewers` DISABLE KEYS */;
INSERT INTO `reviewers` VALUES (1,'vinnie'),(2,'holly');
/*!40000 ALTER TABLE `reviewers` ENABLE KEYS */;
UNLOCK TABLES;

--
-- Table structure for table `reviews`
--

DROP TABLE IF EXISTS `reviews`;
/*!40101 SET @saved_cs_client     = @@character_set_client */;
/*!50503 SET character_set_client = utf8mb4 */;
CREATE TABLE `reviews` (
  `movie_id` char(36) NOT NULL,
  `reviewer_id` int NOT NULL,
  `rating` tinyint NOT NULL,
  PRIMARY KEY (`movie_id`,`reviewer_id`),
  KEY `reviewer_id` (`reviewer_id`),
  CONSTRAINT `reviews_ibfk_1` FOREIGN KEY (`movie_id`) REFERENCES `movies` (`id`) ON DELETE CASCADE,
  CONSTRAINT `reviews_ibfk_2` FOREIGN KEY (`reviewer_id`) REFERENCES `reviewers` (`id`) ON DELETE CASCADE,
  CONSTRAINT `reviews_chk_1` CHECK ((`rating` between 0 and 100))
) ENGINE=InnoDB DEFAULT CHARSET=utf8mb4 COLLATE=utf8mb4_0900_ai_ci;
/*!40101 SET character_set_client = @saved_cs_client */;

--
-- Dumping data for table `reviews`
--

LOCK TABLES `reviews` WRITE;
/*!40000 ALTER TABLE `reviews` DISABLE KEYS */;
INSERT INTO `reviews` VALUES ('029fc3e1-4373-4362-a1f1-3fc1b763d747',1,88),('041157ed-66ec-4fbc-9562-70d7d5bbe2c9',1,88),('041157ed-66ec-4fbc-9562-70d7d5bbe2c9',2,92),('043ff3b8-4d70-4230-bef7-b2b4561a3d0a',1,60),('07568787-44e2-4d17-b67d-8bd2dcb62e58',1,100),('098db922-a52c-40ce-b4e6-0e3a014c468a',1,92),('0d468086-2a6e-4317-9ef4-6765019b85e2',1,50),('11c9574a-0cdc-453f-b16d-6da13a3c8872',1,92),('12438e8c-5069-4c61-bd90-5945b8841877',1,88),('14bee2a1-5e24-45ec-a0dd-326b77883ae6',1,88),('15591be6-5c8f-4448-a031-779209ccd662',1,88),('15c8c5fe-6222-433d-9776-b2318fed70fc',1,75),('1767a661-ca30-4698-b01f-1776f2e45418',1,95),('1767a661-ca30-4698-b01f-1776f2e45418',2,92),('18180a75-1dce-43fb-8100-e8e158366716',1,88),('18f0d421-0468-41d3-a430-437f3affe6d9',1,88),('1a4662c5-dbbf-49a8-8240-d9d4f9a43b88',1,88),('1a4662c5-dbbf-49a8-8240-d9d4f9a43b88',2,88),('1b03b8d0-fee8-4b67-8d72-6a4380c4b815',1,100),('1b03b8d0-fee8-4b67-8d72-6a4380c4b815',2,100),('1c2f646e-7418-4f19-8ce0-547ef80f5264',1,88),('1d372c2c-d1d7-4561-98d6-2a3084c9afc3',1,100),('1d372c2c-d1d7-4561-98d6-2a3084c9afc3',2,100),('1d98698c-f5cc-4003-83b7-3fb8edd607e1',1,88),('1e064d6f-eeb6-4457-9ef8-799658438bfc',1,80),('22a3e3af-8785-4ff1-aa29-cca63bffb272',1,95),('22a3e3af-8785-4ff1-aa29-cca63bffb272',2,95),('2360cb3c-bc87-4907-9c00-f8fe078b5978',1,100),('277dc616-74dc-4892-a454-38cbf9a1ab6d',1,95),('27d12f2b-6866-4bec-a039-84eb7e9a5db9',1,95),('293c87ed-8e19-4403-97d8-698bb7ecc950',1,88),('293c87ed-8e19-4403-97d8-698bb7ecc950',2,85),('2d1107a3-d69b-489f-bbd1-23cc1d51b67e',1,50),('2d1107a3-d69b-489f-bbd1-23cc1d51b67e',2,50),('2dd9a3f3-6c6e-486d-ae4d-11b689e6f7cd',1,80),('2e2372b2-df1b-4704-809f-7e0590bc6afe',1,92),('2e2372b2-df1b-4704-809f-7e0590bc6afe',2,85),('307244b6-0421-4584-9bb8-654aa0dba0cf',1,100),('312bbd4b-75ba-42cd-99b4-472031bfb8f5',1,75),('33b7d2e5-327f-4585-8a05-4845b2eda490',1,95),('33b7d2e5-327f-4585-8a05-4845b2eda490',2,88),('341eb6df-11f5-41ec-a3d3-eb8430121f90',1,95),('371a4cb9-dc48-46d7-aead-9121c039c933',1,80),('3aabedfb-c19c-4654-ad07-c657209ed7f2',1,92),('3b375ed6-4546-47d3-a648-d56635ec812b',1,95),('3e1a11a4-ff09-41d6-856c-54d783dea11e',1,88),('3e55aa2e-c301-4af1-900e-f51bf1f727a8',1,80),('3f616954-7d7b-4291-804f-cc95ee8c430b',1,92),('401d0bfd-4514-4dea-9b57-3755ea34845d',1,95),('401d0bfd-4514-4dea-9b57-3755ea34845d',2,95),('4135c07b-993b-4a4c-b1ed-567ed35f11d2',1,95),('4135c07b-993b-4a4c-b1ed-567ed35f11d2',2,85),('42073fd8-9c5c-43d4-8bd3-1f38fee59e7a',1,100),('42073fd8-9c5c-43d4-8bd3-1f38fee59e7a',2,95),('425c0280-b56a-4b85-aaa4-48a544408e43',1,85),('4511e7a0-5704-4a84-b939-06fdf2d27a0d',1,100),('4511e7a0-5704-4a84-b939-06fdf2d27a0d',2,100),('46ccbe7f-7b2a-4da5-b1d4-b81194c36033',1,85),('48e95116-0bb0-4b77-aaea-faff1b822836',1,100),('491c8157-a62f-4d10-a237-9d4f808b006e',1,100),('4d44e245-e57e-4616-82c8-f83ec1760a40',1,92),('4d44e245-e57e-4616-82c8-f83ec1760a40',2,88),('543f93b3-3f20-438f-b046-96231171c3c5',1,92),('551234b9-9037-4c02-b387-78156c9df240',1,95),('55d900d7-1c60-4e57-9b37-7d31284f9062',1,88),('590475e4-49e0-4de8-bc5e-f4f3516327df',1,88),('59f734cd-7d33-4038-81e7-73f90a6c67b0',1,100),('5a7cc041-557c-413e-87b1-abbcd5da7283',1,92),('5b62f324-094d-4145-8a04-6d52c088e46b',1,80),('5b62f324-094d-4145-8a04-6d52c088e46b',2,80),('5c14aa07-e739-4826-831c-010bd03558bf',1,80),('5d515eb9-7db5-45cf-90ab-39b8f38303eb',1,60),('6091b754-211d-4fac-a4a0-8d744ce89eec',1,88),('62690bbb-30cd-44b2-a9ff-9364d43b9777',1,95),('63e74957-9467-4665-9be2-faa13442d7e7',1,80),('63e74957-9467-4665-9be2-faa13442d7e7',2,85),('649c32ad-9e5a-4096-bd5b-d51d0a97f9c4',1,85),('65974039-aab3-4b66-a3f5-d6dc1e058b27',1,80),('661cbe6a-6a94-4083-b609-36351f2d4536',1,95),('661cbe6a-6a94-4083-b609-36351f2d4536',2,95),('68119b6b-27a3-44d2-9907-d47e931f5bb9',1,92),('6945295b-c84e-4bfe-b9f3-8e9a50f74fd5',1,75),('6b48ae96-af3e-4288-9d9d-b3f7f2c5de49',1,88),('7003c087-78f9-4d07-86f3-82d53506c520',1,100),('7017aa7f-f89b-4a15-a702-793dd86423b1',1,95),('702d4282-a3e0-46af-8393-3ad3627a135a',1,92),('720c76e0-835f-4753-94de-e219074ffd12',1,95),('73c3e5eb-a6e2-40c8-97cb-1d8ad0b08e16',1,92),('73c3e5eb-a6e2-40c8-97cb-1d8ad0b08e16',2,92),('740d5bb3-4f3b-46b9-b099-b811ce0c750c',1,100),('7479de76-3a8d-4edd-a036-9feece11c991',1,85),('7479de76-3a8d-4edd-a036-9feece11c991',2,92),('762e8523-03d5-4d2e-bd58-0cbbf8ce0548',1,80),('7660a475-ee4e-49b8-b30a-1d7641ceac24',1,85),('76c45c83-d23f-43fc-aa9c-87c29d1960d8',1,75),('76c45c83-d23f-43fc-aa9c-87c29d1960d8',2,80),('775da92a-7d57-4774-b005-d4692ed69316',1,92),('785b2746-cd84-47d1-a01b-06851534b161',1,88),('7b361a52-d5dc-4a59-bd1b-2641d08d0fe5',1,80),('7d479645-3de9-466a-a1db-d09fa9a70973',1,95),('7e15e6af-d88f-4149-ad90-06dad4584f63',1,95),('8097a851-3d17-4db1-ae60-a945b9c443f8',1,85),('81444335-f96c-4152-b650-196459b73ae9',1,50),('8431cc4b-4263-4e31-8173-3b71d46042c8',1,85),('847aea6e-4f52-4d83-b01c-6e997cf9e3c1',1,85),('847aea6e-4f52-4d83-b01c-6e997cf9e3c1',2,85),('84efafb2-b2f5-4fa2-be4e-d90e96a6dbcb',1,92),('861ad07a-65cd-42dc-a356-4e5297d1c22b',1,88),('861ad07a-65cd-42dc-a356-4e5297d1c22b',2,88),('87550d55-bf3a-4f82-ac60-405bff7cd681',1,100),('8b7d0a84-0323-48ae-9e50-e3093aebece7',1,92),('8b7d0a84-0323-48ae-9e50-e3093aebece7',2,92),('8d7df223-607e-4fc6-ba23-b39f21d9ab3d',1,92),('8e25c7c6-2291-4a78-8ef0-d50566deca35',1,92),('8e25c7c6-2291-4a78-8ef0-d50566deca35',2,92),('90c7f296-fd26-4906-8109-a916573c3858',1,80),('965b2a37-708e-4b6f-aa36-81351b3315c7',1,100),('965b2a37-708e-4b6f-aa36-81351b3315c7',2,95),('9ad1deb5-2527-4315-bde8-fccfe03ccfb7',1,92),('9ad2a67f-b79f-48d8-a9c1-66a5b415ed0c',1,100),('9ad2a67f-b79f-48d8-a9c1-66a5b415ed0c',2,92),('9e7f98b7-655f-4744-8c33-1d35dd5997c1',1,85),('a1e3075e-f2a2-4209-9ba7-8412c667423e',1,92),('a3c445c2-cfb5-4ed0-9703-39db97eccdd9',1,92),('a3c445c2-cfb5-4ed0-9703-39db97eccdd9',2,95),('a9998b2c-0db0-4f9c-bd5c-8a2df8495ee8',1,88),('a9c43030-bc7a-4bc6-a376-3afb31cb27f1',1,88),('aa0eddb9-331d-440c-9bd8-72f6e36c352b',1,92),('aefbd486-11cf-42bc-bdad-79b772bbcc1e',1,85),('afe3b475-70f0-46a0-8bdd-a33a8fe13c79',1,85),('b14327f9-4beb-42e7-9c6e-28a1c7d7a719',1,100),('b14327f9-4beb-42e7-9c6e-28a1c7d7a719',2,100),('b17a8c96-e03c-4378-9ba3-d7fdeba7ad64',1,95),('b17a8c96-e03c-4378-9ba3-d7fdeba7ad64',2,85),('b4043d13-4777-4e86-b5b6-a14f86fcb06e',1,75),('b5854daf-6898-41d6-8d4c-5ed8a62685ce',1,85),('b5fe74a0-a6a6-4df4-9b11-adcafbeb6daf',1,85),('b5fe74a0-a6a6-4df4-9b11-adcafbeb6daf',2,85),('b7756116-5bf4-4bac-9796-d159d6280121',1,92),('b863c142-2e0c-47f7-ae9c-022b0122a554',1,85),('bac88727-cbe6-4703-bb87-683c1845ff8d',1,100),('baed5b15-d4ac-46fc-9e3e-8c87c524d967',1,88),('bc0fd55a-663d-4cc7-adb3-6859aa4a9740',1,80),('c0230a5b-5d80-4ee6-ba1d-c4cf0900f2ae',1,50),('c098d40b-1129-4d80-a500-8c2ef04d9f87',1,80),('c0f07d31-3caa-4144-ac9c-47be8ea5768a',1,80),('c11b1a85-ec79-488f-a1dc-311fb1f3f369',2,85),('c368f9fe-5a24-4e7a-aec1-3961bae963be',1,92),('c48c6b0f-a293-4837-b40e-e42d781e0474',1,100),('c7074f4c-fe31-4c72-af35-a1d31e378553',1,92),('c8a8df43-8292-4d5e-8881-3cde758b9e5b',1,60),('cc29f48f-fe0e-4ddd-b673-185c413a8619',1,80),('cc436db8-4991-4dcb-9446-d2db97ede9d9',1,85),('cc436db8-4991-4dcb-9446-d2db97ede9d9',2,85),('cd1a2ab7-f841-4dc7-84b5-ec01a7aec4cc',1,92),('cd44440c-2171-4b6f-a44b-e13b3e935860',1,100),('cd957dfe-9c45-4495-aefb-a7954a9a5f00',1,85),('cedf3213-123e-4926-9a80-320840d2f2f6',1,100),('cedf3213-123e-4926-9a80-320840d2f2f6',2,100),('d18a1914-a86e-45f5-82a5-fba8710ed728',1,85),('d18a1914-a86e-45f5-82a5-fba8710ed728',2,88),('d325bb6d-1754-4569-a50c-1d2871872eb4',1,80),('d3d96030-8b61-4277-b1b3-b857b0871d66',1,85),('d58ec12c-bac8-4526-9699-2ed1e574b0ab',1,85),('d8268fdc-54e2-4e76-9d55-0b71a6820452',1,92),('d8268fdc-54e2-4e76-9d55-0b71a6820452',2,92),('d83c3b58-a9ff-4ad0-8797-bfacfb790e2f',1,92),('d83c3b58-a9ff-4ad0-8797-bfacfb790e2f',2,92),('daae5da3-aefd-4bc5-b715-b9a9bc122d57',1,88),('db96577c-bf17-4b54-be6b-acc8149a4c10',1,92),('dbad9be5-5a04-43dc-a5fa-9425cc00b4bf',1,88),('dc41febc-ac96-4462-be39-dff19ddc4708',1,88),('dd688745-bb0c-4286-b3ff-3db07d53c6de',1,85),('dd688745-bb0c-4286-b3ff-3db07d53c6de',2,85),('df12269a-f8ba-4401-a716-ffc978730f6d',1,92),('e05271e1-ae2b-4bbf-965b-244952dd0524',1,85),('e24279d9-569a-4130-80d1-7b70df85d5b4',1,60),('e24279d9-569a-4130-80d1-7b70df85d5b4',2,60),('e293ad9c-07e1-48bb-b554-e881ed1cd2e5',1,80),('e2cd447b-6a13-48b4-8bd9-b89f83b030ab',1,95),('e365e8de-7c22-47d1-ab17-609d659cc731',1,88),('e412314a-7010-4af9-b692-786d057ffda5',2,92),('e4b54b28-448d-4276-8eb2-fbce4b7bd5d1',1,92),('e4b54b28-448d-4276-8eb2-fbce4b7bd5d1',2,92),('e881339e-d2a7-496f-8886-780a9b0e62e1',1,100),('e90c13f3-d6fd-4e09-b68e-cf85ec461b98',1,92),('e95ec8f5-b189-4ef4-892f-32236016ac69',1,92),('eb6b34aa-2f75-4eb9-90b2-6667a7c135db',1,80),('f4af26f0-f6f2-420d-9e75-cbd13802dcfc',1,60),('f51ddffc-ceb2-4c2f-a26c-5b86da098fe7',1,92),('f5c3e25a-9f70-4181-9033-58aa579d89e2',1,95),('f5fa80a4-f5e8-4ccd-95d4-365ddfdad966',1,75),('f5fa80a4-f5e8-4ccd-95d4-365ddfdad966',2,75),('f725ebf2-6621-41ec-8767-e404c38c7ec1',1,75),('f79fc6e5-8535-4849-b3d9-ef558737edc2',1,60),('f7c4450b-6507-43f5-9135-2a6cdce079d9',1,88),('f93a8b71-49e1-4a3a-9a97-bb2c9a915c50',1,95),('f93a8b71-49e1-4a3a-9a97-bb2c9a915c50',2,85),('faf10dab-0614-4824-9aea-459ce8d07920',1,92),('fb21aacc-0b05-4d12-a223-ed04b154a9f6',1,80),('fc1bf710-65c1-429e-a7a1-1268654e21af',1,100),('fc1bf710-65c1-429e-a7a1-1268654e21af',2,92),('fc75bbed-f5a8-4a99-972a-b2d471f3b965',1,100),('fcaf71ff-ec39-4ad6-9a1f-76d2abf65c01',1,92),('fcaf71ff-ec39-4ad6-9a1f-76d2abf65c01',2,92),('ff83e2ec-6860-4c37-8ada-1cd717766933',1,85);
/*!40000 ALTER TABLE `reviews` ENABLE KEYS */;
UNLOCK TABLES;
/*!40103 SET TIME_ZONE=@OLD_TIME_ZONE */;

/*!40101 SET SQL_MODE=@OLD_SQL_MODE */;
/*!40014 SET FOREIGN_KEY_CHECKS=@OLD_FOREIGN_KEY_CHECKS */;
/*!40014 SET UNIQUE_CHECKS=@OLD_UNIQUE_CHECKS */;
/*!40101 SET CHARACTER_SET_CLIENT=@OLD_CHARACTER_SET_CLIENT */;
/*!40101 SET CHARACTER_SET_RESULTS=@OLD_CHARACTER_SET_RESULTS */;
/*!40101 SET COLLATION_CONNECTION=@OLD_COLLATION_CONNECTION */;
/*!40111 SET SQL_NOTES=@OLD_SQL_NOTES */;

-- Dump completed on 2026-01-13  5:10:52
